name,gender,disciplines,country
PEDRERO Ofelia,Female,Artistic Swimming,Mexico
RADHI SHENAISHIL,Male,Football,Iraq
AFLAKIKHAMSEH Majid,Male,Taekwondo,IR Iran
YOUSEFY Mehrdad,Male,Taekwondo,IR Iran
MADDAH Minoo,Female,Taekwondo,IR Iran
LOFTUS Adriana,Female,Artistic Swimming,Mexico
FERRARA Fernando,Male,Hockey,Argentina
GULLA Alejandra,Female,Hockey,Argentina
CAPURRO Santiago,Male,Hockey,Argentina
RONCONI Mariano,Male,Hockey,Argentina
PAULON Ezequiel,Male,Hockey,Argentina
VILA Matias,Male,Hockey,Argentina
KHEIRKHAH HAJIRASOULIAN Mohammadre.,Male,Artistic Gymnastics,IR Iran
DAVIS DIAZ David,Male,Taekwondo,Mexico
MENDOZA MORA Abel,Male,Taekwondo,Mexico
VICTORIA ESPINOSA de los Alfonso,Male,Taekwondo,Mexico
MILANO Guillermo,Male,Handball,Argentina
GOMEZ CORA Santiago,Male,Rugby Sevens,Argentina
GRAVANO Leonardo,Male,Rugby Sevens,Argentina
FILIORIANU Ana Luiza,Female,Rhythmic Gymnastics,Romania
SMAILI Badr,Male,Taekwondo,Morocco
OCEGUERA ORNELAS Pavel,Male,Artistic Gymnastics,Mexico
VALENZUELA GOMEZ Maria,Female,Artistic Gymnastics,Mexico
MEZA PADILLA Jose,Male,Artistic Gymnastics,Mexico
AGUILAR ROJAS Blajaith,Female,Rhythmic Gymnastics,Mexico
FURALEV Vladislav,Male,Rhythmic Gymnastics,Mexico
UPTON Patrick Anthony Howard,Male,Hockey,India
SCHOPMAN Johanna Dorothea Maria,Female,Hockey,India
HALKETT Rhett Kennedy,Male,Hockey,India
FULTON Craig Arthur,Male,Hockey,India
FARRY Anthony James,Male,Hockey,India
THORPE Karen,Female,Artistic Swimming,Great Britain
TOMOMATSU Yumiko,Female,Artistic Swimming,Great Britain
CURRAN Orlaith,Female,Rugby Sevens,Ireland
NASKAR Arup,Male,Hockey,India
CHINNASAMY Ashok Kumar,Male,Hockey,India
BUSNARI Alberto,Male,Artistic Gymnastics,Italy
COCCIARO Giuseppe,Male,Artistic Gymnastics,Italy
FORTUNA Marco,Male,Artistic Gymnastics,Italy
BERGAMELLI Monica Roberta,Female,Artistic Gymnastics,Italy
CHIRILCENCO Marc Michel,Male,Artistic Gymnastics,Algeria
HAMICI Saad Eddine,Male,Artistic Gymnastics,Algeria
HERRANZ MARTIN Miguel Angel,Male,Taekwondo,Spain
RAMAL MUNOZ Jesus,Male,Taekwondo,Spain
SEIJO GIEBELS Christian Jaime,Male,Taekwondo,Spain
TOLEDO AROCA Antonio,Male,Taekwondo,Spain
YAGUE ENRIQUE Brigida,Female,Taekwondo,Spain
JONES Gilmar,Male,Taekwondo,Suriname
DIMITROVA Vesela,Female,Rhythmic Gymnastics,Bulgaria
STOYNEVA Yasena,Female,Rhythmic Gymnastics,Bulgaria
MARKOVA Branimira,Female,Rhythmic Gymnastics,Bulgaria
PAMUKOVA Mariyana,Female,Rhythmic Gymnastics,Bulgaria
IVANOVA Valentina,Female,Rhythmic Gymnastics,Bulgaria
LEE Eui Yong,Male,Taekwondo,Gambia
ARILL Samuel,Male,Basketball,Puerto Rico
MORALES OTERO Carlos,Male,Basketball,Puerto Rico
BATISTA Gerardo,Male,Basketball,Puerto Rico
COTUTIU Florin,Male,Artistic Gymnastics,Romania
JONES Daymon,Male,Artistic Gymnastics,Romania
KIENS Patrick,Male,Artistic Gymnastics,Romania
MOROSAN Corina,Female,Artistic Gymnastics,Romania
VOINEA Camelia,Female,Artistic Gymnastics,Romania
BERBECAR Marius,Male,Artistic Gymnastics,Romania
LIU Tsung-Ta,Male,Taekwondo,Chinese Taipei
GEORGALLAS Irodotos,Male,Artistic Gymnastics,Cyprus
PETRIDIS Panagiotis,Male,Artistic Gymnastics,Cyprus
FLANNERY Eimear,Female,Rugby Sevens,Ireland
SHIPPI Panayiotis,Male,Artistic Gymnastics,Cyprus
TRIKOMITI Chrystalleni,Female,Rhythmic Gymnastics,Cyprus
DEACU George,Male,Water Polo,Romania
RATH Bogdan,Male,Water Polo,Romania
ARIAS Ramon,Male,Taekwondo,Chile
WIBERG Johanna,Female,Handball,Sweden
FORSBERG Thomas,Male,Handball,Sweden
AXNER Tomas,Male,Handball,Sweden
DIOVOL Alioune,Male,Taekwondo,Senegal
da ROCHA Cristiano,Male,Handball,Brazil
ALTENBURG Valentin,Male,Hockey,Germany
HENNING Andre,Male,Hockey,Germany
SCHMITZ Johannes,Male,Hockey,Germany
ARKELL Robin,Male,Hockey,Germany
GADEMAN Pasha,Male,Hockey,Germany
WEIDINGER Markus,Male,Taekwondo,Austria
SOLBERG Glenn,Male,Handball,Sweden
SVENSSON Tomas,Male,Handball,Sweden
APELGREN Michael,Male,Handball,Sweden
TANKOUCHEV Milko,Male,Artistic Gymnastics,Bulgaria
YANEV Filip,Male,Artistic Gymnastics,Bulgaria
WINIARSKI Michal,Male,Volleyball,Germany
RANNER Thomas,Male,Volleyball,Germany
POSMYK Dominik,Male,Volleyball,Germany
SALLAH Mariama M.,Female,Taekwondo,Gambia
TUMILTY Mark,Male,Hockey,Ireland
TOTH Balazs,Male,Taekwondo,Germany
QUSAI MUNIR,Male,Football,Iraq
CRUZ LOPEZ Jose L,Male,Basketball,Puerto Rico
COLON Nelson,Male,Basketball,Puerto Rico
CRUZ Rafael,Male,Basketball,Puerto Rico
BESHEER Gamal,Male,Artistic Gymnastics,Egypt
MOHAMED Ahmed,Male,Artistic Gymnastics,Egypt
ABDELMEGUID Zakaria,Male,Artistic Gymnastics,Egypt
MOHAMED Mayar,Female,Rhythmic Gymnastics,Egypt
HUSSEIN Noha,Female,Rhythmic Gymnastics,Egypt
MOUNDOUNGA KOMBILA Stephane,Male,Taekwondo,Gabon
MLADENOVA Albena,Female,Artistic Swimming,Austria
AL-ASSAF Faris,Male,Taekwondo,Jordan
ALSADEQ Yazan,Male,Taekwondo,Jordan
ALJALLAD Riham,Female,Taekwondo,Jordan
KRAVCHENKO Sergiy,Male,Football,Ukraine
ROTAN Ruslan,Male,Football,Ukraine
SIREKANYAN Gurgen,Male,Artistic Gymnastics,Jordan
FREHSE Gabriele,Female,Artistic Gymnastics,Austria
SAHIN Ali,Male,Taekwondo,Türkiye
TAZEGUL Servet,Male,Taekwondo,Türkiye
BABEL Vincent,Male,Taekwondo,Suriname
GOKTEKIN Yilmaz,Male,Artistic Gymnastics,Türkiye
NURI Tufan,Male,Artistic Gymnastics,Türkiye
GOJKOVIC Vladimir,Male,Water Polo,Montenegro
TOMAS Toni,Male,Taekwondo,Great Britain
LAURA Veljko,Male,Taekwondo,Croatia
MESAROV Dejan,Male,Taekwondo,Croatia
GALAMBOS Bence,Male,Taekwondo,Hungary
MARTON Luana,Female,Taekwondo,Hungary
SALIM Gergely,Male,Taekwondo,Hungary
SALIM Sharif Gergely,Male,Taekwondo,Hungary
MIKKONEN Suvi,Female,Taekwondo,Hungary
ROUSSEAUX Emile,Male,Volleyball,France
ANDRE Felix,Male,Volleyball,France
GAUTHIER Charles,Male,Volleyball,France
TOUPANE Jean Aime,Male,Basketball,France
MELAIN Catherine,Female,Basketball,France
GAUTIER David,Male,Basketball,France
HALIN Gregory,Male,Basketball,France
LEONARD Christophe,Male,Basketball,France
COLLET Vincent,Male,Basketball,France
DONNADIEU Pascal,Male,Basketball,France
ATKINSON Kenny,Male,Basketball,France
NELHOMME Ruddy,Male,Basketball,France
GOMIS Joseph,Male,Basketball,France
CIAMARRA Roberto,Male,Volleyball,France
GEILER Loic,Male,Volleyball,France
GIANI Andrea,Male,Volleyball,France
WENG Shih-Hang,Male,Artistic Gymnastics,Chinese Taipei
TSAI Heng-Cheng,Male,Artistic Gymnastics,Chinese Taipei
SANTARELLI Daniele,Male,Volleyball,Türkiye
FLISI Diego,Male,Volleyball,Türkiye
ZOTTA Andrea,Male,Volleyball,Türkiye
VATANSEVER Recep,Male,Volleyball,Türkiye
DARET Jerome,Male,Rugby Sevens,France
KRUMBHOLZ Olivier,Male,Handball,France
GARDILLOU Sebastien,Male,Handball,France
LEYNAUD Amandine,Female,Handball,France
GALKIN Evgeniy,Male,Artistic Gymnastics,Uzbekistan
ABDUSAMATOV Khusniddin,Male,Artistic Gymnastics,Uzbekistan
MWEMA Kevin,Male,Rugby Sevens,Kenya
AMONDE Andrew,Male,Rugby Sevens,Kenya
KISIA Louis,Male,Rugby Sevens,Kenya
HRUBESCH Horst,Male,Football,Germany
CARLSON Britta,Female,Football,Germany
FUCHS Michael,Male,Football,Germany
NOERENBERG Thomas,Male,Football,Germany
MUKHAMEDOVA Rano,Female,Rhythmic Gymnastics,Uzbekistan
VLASOVA Liliya,Female,Rhythmic Gymnastics,Uzbekistan
KHAN Pavel,Male,Taekwondo,Uzbekistan
RAFALOVICH Maksim,Male,Taekwondo,Uzbekistan
KHAN Vladimir,Male,Taekwondo,Uzbekistan
BAYKUZIYEV Jasur,Male,Taekwondo,Uzbekistan
PAKKAN Saim,Male,Volleyball,Serbia
NISHIIRI Toshihiro,Male,Football,Japan
IKEDA Futoshi,Male,Football,Japan
MIYAMOTO Tomomi,Female,Football,Japan
MENEZES Jude,Male,Hockey,Japan
OZAWA Kazuyuki,Male,Hockey,Japan
ERSIMSEK Ahmetcan,Male,Volleyball,Serbia
ROTHMAN Neville,Male,Hockey,Ireland
GELLE Noemi Katalin,Female,Rhythmic Gymnastics,Hungary
NAGANUMA Atsushi,Male,Water Polo,Japan
HAZUI Shota,Male,Water Polo,Japan
SHIOTA Yoshinori,Male,Water Polo,Japan
KAWAI Mayo,Female,Artistic Swimming,Japan
KASHIMA Tomoyo,Female,Artistic Swimming,Japan
NAKAJIMA Takako,Female,Artistic Swimming,Japan
KAPADZE Timur,Male,Football,Uzbekistan
CHIGODAEV Sergey,Male,Football,Uzbekistan
GILLE Guillaume,Male,Handball,France
MATHE Erick,Male,Handball,France
ALONSO TAPIA Rosendo,Male,Taekwondo,France
ALONSO TAPIA Gulsah,Female,Taekwondo,France
JUNG Woomin,Male,Taekwondo,France
WILLE Jonas,Male,Handball,Norway
EGE Steinar,Male,Handball,Norway
BOQUIST Martin,Male,Handball,Norway
OLSSON Mats,Male,Handball,Norway
HERGEIRSSON Thorir,Male,Handball,Norway
LARSEN Tonje,Female,Handball,Norway
JOERGENSEN Michael,Male,Taekwondo,Norway
DRASOCZKY Imre,Male,Artistic Gymnastics,Hungary
BRUUN Michael,Male,Handball,Denmark
JOERGENSEN Lars,Male,Handball,Denmark
KRONBORG Henrik,Male,Handball,Denmark
JACOBSEN Nikolaj,Male,Handball,Denmark
JENSEN Jesper,Male,Handball,Denmark
SOYEZ Frederic,Male,Hockey,France
SALA Ramon,Male,Hockey,France
LOMBI Jorge,Male,Hockey,France
SZUCS Robert,Male,Artistic Gymnastics,Hungary
TRENKA Janos,Male,Artistic Gymnastics,Hungary
HARVEY Mike,Male,Taekwondo,Great Britain
MAIZEROI Torann,Male,Taekwondo,Great Britain
MILLER Nelson,Male,Taekwondo,Great Britain
STAMPER Martin,Male,Taekwondo,Great Britain
POLJAKOVA Shanna,Female,Artistic Gymnastics,Germany
BELENKI Valeri,Male,Artistic Gymnastics,Germany
CATANOIU Grigore,Male,Artistic Gymnastics,Germany
BRYLOK Hubert,Male,Artistic Gymnastics,Germany
TEMME Kay,Male,Artistic Gymnastics,Germany
PFEFFER Camilla,Female,Rhythmic Gymnastics,Germany
RASKINA Yuliya,Female,Rhythmic Gymnastics,Germany
CAMICIOTTI Giacomo,Male,Artistic Gymnastics,Germany
DUNAVSKA MINEKOVA Kameliya,Female,Rhythmic Gymnastics,Germany
PARECKI Antoni Jerzy,Male,Handball,Japan
SNYMAN Philip,Male,Rugby Sevens,South Africa
LUCKAN Ghafoer,Male,Rugby Sevens,South Africa
GONZALEZ NUNEZ Arlen,Male,Taekwondo,Cuba
SHARABI Yechiam,Male,Taekwondo,Israel
BLECHER SIDOROVA Svetlana,Female,Artistic Swimming,Israel
ABDELRAHMAN Osama,Male,Taekwondo,Egypt
YOUSSEF Mohamed,Male,Taekwondo,Egypt
ZAITSEVA Olesia,Female,Artistic Swimming,Ukraine
SARTYNSKYI Gennadii,Male,Artistic Gymnastics,Ukraine
GORBACHEVA Iryna,Female,Artistic Gymnastics,Ukraine
KAIUKOVA Iuliia,Female,Artistic Gymnastics,Ukraine
DERYUGINA Iryna,Female,Rhythmic Gymnastics,Ukraine
BLOKHINA Iryna,Female,Rhythmic Gymnastics,Ukraine
KARDASH Maryna,Female,Rhythmic Gymnastics,Ukraine
VASYLIEVA Marharyta,Female,Rhythmic Gymnastics,Ukraine
KHOLOD Maryna,Female,Artistic Swimming,New Zealand
RA Sanghyun,Male,Taekwondo,Fiji
KIM Hyou Mi,Female,Artistic Swimming,Korea
ROSILLO ATENCIA Jose Antonio,Male,Taekwondo,Norway
LAI Yawen,Female,Volleyball,China
HERBERT Gordie,Male,Basketball,Germany
THOMAIDIS Lisa,Female,Basketball,Germany
PARSONS Sidney,Female,Basketball,Germany
MEADOWS Clarissa,Female,Basketball,Germany
THUSS Anne,Female,Basketball,Germany
PERWAS Klaus,Male,Basketball,Germany
BRIELMEIER Bret,Male,Basketball,Germany
HERBERT Daniel,Male,Basketball,Germany
REVINGTON Paul,Male,Hockey,Great Britain
BROWNE Kwan,Male,Hockey,Great Britain
GLYNN Katie,Female,Hockey,Great Britain
HICKMAN Mark,Male,Hockey,Great Britain
PAUL Jody,Male,Hockey,Great Britain
RALPH David,Male,Hockey,Great Britain
SIEBEN Craig,Male,Hockey,Great Britain
GRESKOWIAK Arne,Male,Basketball,Germany
HOLGUIN Ramon,Male,Artistic Gymnastics,Dominican Republic
WUDTKE Erik,Male,Handball,Germany
BEPPLER Jochen,Male,Handball,Germany
ANDERSSON Mattias,Male,Handball,Germany
GISLASON Alfred,Male,Handball,Germany
GAUGISCH Markus,Male,Handball,Germany
JANKOVIC Jasmina,Female,Handball,Germany
HENRY Thierry,Male,Football,France
BATICLE Gerald,Male,Football,France
CLICHY Gael,Male,Football,France
JANOT Jeremie,Male,Football,France
PEREIRA BRAVO Joao,Male,Volleyball,Canada
SAMMELVUO Tuomas,Male,Volleyball,Canada
HAWKINS Michael,Male,Volleyball,Canada
ZHENG Wei,Female,Basketball,China
JIA Nan,Male,Basketball,China
PARK Myungsoo,Male,Basketball,China
RUPEREZ Cesar,Male,Basketball,China
USUI Tomohiro,Male,Basketball,Japan
KONNO Kakeru,Male,Basketball,Japan
SUZUKI Yoshikazu,Male,Basketball,Japan
ONZUKA Toru,Male,Basketball,Japan
SASSA Norio,Male,Basketball,Japan
GAINES Corey,Male,Basketball,Japan
HOVASSE Tom,Male,Basketball,Japan
KATSUHISA Geoffrey,Male,Basketball,Japan
CHOI Chatchai,Male,Taekwondo,Thailand
SONKHAM Chanatip,Female,Taekwondo,Thailand
RUSEK Pawel,Male,Volleyball,Poland
GRBIC Nikola,Male,Volleyball,Poland
SWACZYNA Adam,Male,Volleyball,Poland
MATOSEVIC Valter,Male,Handball,Croatia
SIGURDSSON Dagur,Male,Handball,Croatia
SPOLJARIC Denis,Male,Handball,Croatia
DUPUIS Kevin,Male,Artistic Gymnastics,France
GEORGE Martine,Female,Artistic Gymnastics,France
POTAPENKO Valentin,Male,Artistic Gymnastics,France
HAGARD Monique,Female,Artistic Gymnastics,France
BARANOVA VOLCHETSKAYA Anna,Female,Rhythmic Gymnastics,France
BAYON Sara,Female,Rhythmic Gymnastics,France
GUILLIERE Katia,Female,Rhythmic Gymnastics,France
MILAN Gregory,Male,Rhythmic Gymnastics,France
ABDELFATTAH Aziza,Female,Artistic Swimming,Egypt
MOHAMED Mai,Female,Artistic Swimming,Egypt
LATIF Yasmine,Female,Artistic Swimming,Egypt
FABRE Julie,Female,Artistic Swimming,France
OBRY Laure,Female,Artistic Swimming,France
ANNEQUIN Marie,Female,Artistic Swimming,France
ANGILLIS Pascal,Male,Basketball,Belgium
KAISER Pierre-Yves,Male,Basketball,Belgium
LORENT Jill,Female,Basketball,Belgium
de SCHEPPER Bram,Male,Artistic Gymnastics,Belgium
DECKX Stefan,Male,Artistic Gymnastics,Belgium
RECKINGER Xavier,Male,Hockey,Belgium
JEONG Eul Jin,Male,Taekwondo,Korea
KANG Bo Hyeon,Female,Taekwondo,Korea
LEE Dongchul,Male,Taekwondo,Korea
OH Hyeri,Female,Taekwondo,Korea
SON Hyo Bong,Male,Taekwondo,Korea
BEAGLEY Michael,Male,Artistic Gymnastics,Great Britain
CLAY Jenny,Female,Artistic Gymnastics,Great Britain
COLLIE Barry,Male,Artistic Gymnastics,Great Britain
HALL Paul,Male,Artistic Gymnastics,Great Britain
HANN Scott,Male,Artistic Gymnastics,Great Britain
HOWELLS Ben,Male,Artistic Gymnastics,Great Britain
INCE Brett,Male,Artistic Gymnastics,Great Britain
KENWRIGHT David,Male,Artistic Gymnastics,Great Britain
RICHARDSON Joshua,Male,Artistic Gymnastics,Great Britain
RICHARDSON Molly,Female,Artistic Gymnastics,Great Britain
TRANDABURU Ionut,Male,Artistic Gymnastics,Great Britain
JANKOVSKY Viktor,Male,Taekwondo,Czechia
ZHEREBCHEVSKYI Anton,Male,Taekwondo,Czechia
HYBRANT Bohuslav,Male,Taekwondo,Czechia
FOULARD Gael,Male,Hockey,France
JAQUET Nicolas,Male,Hockey,France
LORANTOS Theodoros,Male,Water Polo,France
DERENTY Lorene,Female,Water Polo,France
BRUZZO Florian,Male,Water Polo,France
KOBESCAK Vjekoslav,Male,Water Polo,France
MENDEZ Marcelo,Male,Volleyball,Argentina
LOPEZ Martin,Male,Volleyball,Argentina
RICO GOLBA Pablo,Male,Volleyball,Argentina
ALVAREZ Jorge,Male,Taekwondo,Argentina
ARROYO Gavin,Male,Water Polo,United States
UDOVICIC Dejan,Male,Water Polo,United States
USTASZEWSKI Matt,Male,Water Polo,United States
CAHILL Molly,Female,Water Polo,United States
KRIKORIAN Adam,Male,Water Polo,United States
OEDING Chris,Male,Water Polo,United States
AMADOU Soumaila,Male,Taekwondo,Niger
KWIEK Marcos,Male,Volleyball,Dominican Republic
ROCHA PACHECO Wagner,Male,Volleyball,Dominican Republic
YAMAMOTO Hayato,Male,Rugby Sevens,Japan
AMOR Simon Daniel Edward,Male,Rugby Sevens,Japan
SUZUKI Takashi,Male,Rugby Sevens,Japan
SAKATA Takahiro,Male,Rugby Sevens,Japan
UMEDA Koichi,Male,Rugby Sevens,Japan
KANEMATSU Yuka,Female,Rugby Sevens,Japan
SANCHEZ DURAN Wilson,Male,Volleyball,Dominican Republic
ZHANG Xiaohuan,Female,Artistic Swimming,China
WANG Jiuli,Female,Artistic Swimming,China
HE Xiaochu,Female,Artistic Swimming,China
SHEN Yingsha,Female,Artistic Swimming,China
TARRES CAMPA Ana,Female,Artistic Swimming,China
ZHAO Dantong,Female,Artistic Swimming,China
BUGDAEV Kurban,Male,Taekwondo,Saudi Arabia
ASMOLOV Natalia,Female,Rhythmic Gymnastics,Israel
MAYRIN Ida,Female,Rhythmic Gymnastics,Israel
SZUCS Krisztian,Male,Taekwondo,Hungary
STSIAPANAVA Natalia,Female,Rhythmic Gymnastics,Israel
VAISBURG Sergei,Male,Artistic Gymnastics,Israel
KLEFNER BEN SHIMOL Moran,Female,Artistic Gymnastics,Israel
ELNAFRAWY Mohamed,Male,Volleyball,Egypt
BEN JABALLAH Maaouia,Male,Archery,Tunisia
GUAN Jianmin,Male,Taekwondo,China
KIM Young Jin,Male,Taekwondo,China
KONG Fantao,Female,Taekwondo,China
ZUSSMAN Ayelet,Female,Rhythmic Gymnastics,Israel
SAMOFALOV Ela,Female,Rhythmic Gymnastics,Israel
ARZA Carlos Vivier,Male,Handball,Angola
CATITO Nelson,Male,Handball,Angola
CAI Bin,Male,Volleyball,China
LI Yanlong,Male,Volleyball,China
YUAN Zhi,Male,Volleyball,China
HYTTEL Tobias,Male,Taekwondo,Denmark
SETTA Tarik,Male,Taekwondo,Denmark
ACHARKI Aziz,Male,Taekwondo,Denmark
TUCAK Ivica,Male,Water Polo,Croatia
POSINKOVIC Renco,Male,Water Polo,Croatia
MARELJA Jure,Male,Water Polo,Croatia
COURTEIX David,Male,Rugby Sevens,France
IGARZA Germain,Male,Rugby Sevens,France
COULIBALY Abdoulaye,Male,Football,Mali
DIALLO Badara Alou,Male,Football,Mali
DUNPHY Marv,Male,Volleyball,United States
KIRALY Karch,Male,Volleyball,United States
MIYASHIRO Tama,Female,Volleyball,United States
REFT Alfee,Male,Volleyball,United States
VIRTUE Erin,Female,Volleyball,United States
BROWN Gareth,Male,Taekwondo,United States
FUERBRINGER Matt,Male,Volleyball,United States
SPERAW John,Male,Volleyball,United States
WEBER Javi,Male,Volleyball,United States
WALL Mike,Male,Volleyball,United States
TOKUMOTO Yukito,Male,Volleyball,Japan
BLAIN Philippe,Male,Volleyball,Japan
FUKATSU Takayuki,Male,Volleyball,Japan
ITOH Kenji,Male,Volleyball,Japan
MANABE Masayoshi,Male,Volleyball,Japan
KAWAKITA Gen,Male,Volleyball,Japan
REZA Surian,Male,Artistic Gymnastics,New Zealand
CHEN Wei,Male,Artistic Gymnastics,China
HE Hua,Female,Artistic Gymnastics,China
JIN Weiguo,Male,Artistic Gymnastics,China
LI Dezhi,Male,Artistic Gymnastics,China
LIU Jinyu,Male,Artistic Gymnastics,China
LIU Tao,Male,Artistic Gymnastics,China
LU le,Male,Artistic Gymnastics,China
SUN Ping,Female,Artistic Gymnastics,China
TENG Haibin,Male,Artistic Gymnastics,China
WANG Liming,Male,Artistic Gymnastics,China
XU Jinglei,Female,Artistic Gymnastics,China
ZHANG Haiyan,Female,Artistic Gymnastics,China
ZHENG Hao,Male,Artistic Gymnastics,China
YE Sheng,Male,Artistic Gymnastics,China
SOTOMURA Kazutoshi,Male,Artistic Gymnastics,Japan
SHINTAKU Yuya,Male,Artistic Gymnastics,Japan
TOYOSHIMA Risa,Female,Artistic Gymnastics,Japan
TANAKA Hikaru,Male,Artistic Gymnastics,Japan
SATO Hiroaki,Male,Artistic Gymnastics,Japan
SAITO Yoshihiro,Male,Artistic Gymnastics,Japan
JUN Jung Hooi,Male,Taekwondo,Tajikistan
LIKHADZIYEUSKI Anatoli,Male,Taekwondo,AIN
ANTONYAN Sahak,Male,Artistic Gymnastics,Armenia
BERZHETS Viachaslau,Male,Taekwondo,AIN
NAZARYAN Hayk,Male,Artistic Gymnastics,Armenia
OGANESIANTC Avetis,Male,Taekwondo,AIN
de GIORGI Ferdinando,Male,Volleyball,Italy
CAPONERI Massimo,Male,Volleyball,Italy
GIOLITO Nicola,Male,Volleyball,Italy
VELASCO Julio,Male,Volleyball,Italy
BARBOLINI Massimo,Male,Volleyball,Italy
BERNARDI Lorenzo,Male,Volleyball,Italy
van DAMME Koen,Male,Artistic Gymnastics,Belgium
DUGONJIC Ivo Martin,Male,Rugby Sevens,Uruguay
PUIG CARPANETO Gabriel,Male,Rugby Sevens,Uruguay
PRUNSKAS Algimantas,Male,Artistic Gymnastics,Lithuania
CAMPAGNA Alessandro,Male,Water Polo,Italy
SILIPO Carlo,Male,Water Polo,Italy
FARINELLI Roberta,Female,Artistic Swimming,Italy
POMILIO Amedeo,Male,Water Polo,Italy
GIALLOMBARDO Patrizia,Female,Artistic Swimming,Italy
di CECCA Cosimino,Male,Water Polo,Italy
JANECKOVA Katerina,Female,Artistic Gymnastics,Czechia
LEAL COLMENAREZ Mario,Male,Taekwondo,Venezuela
MOHAMMED Aisha,Female,Basketball,Nigeria
GARCIA CABRERA David,Male,Basketball,Puerto Rico
DELANEY Mike,Male,Hockey,New Zealand
McALEESE Shea,Male,Hockey,New Zealand
CLARK Gregg,Male,Hockey,New Zealand
NICOL Greg,Male,Hockey,New Zealand
MACKINTOSH Euan,Male,Rugby Sevens,New Zealand
SWEENEY Cory,Male,Rugby Sevens,New Zealand
GIBBS Rodney,Male,Rugby Sevens,New Zealand
COCKER Edwin,Male,Rugby Sevens,New Zealand
CAMA Tomasi,Male,Rugby Sevens,New Zealand
ROSS Stu,Male,Rugby Sevens,New Zealand
MURPHY Amanda,Female,Rugby Sevens,New Zealand
McMASTER Travis,Male,Rugby Sevens,New Zealand
ANNAN Alyson Regina,Female,Hockey,China
LU Zhuan,Male,Rugby Sevens,China
PASQUALETTI Massimo,Male,Rugby Sevens,China
GOMEZ AGUERA Salvador Emilio,Male,Water Polo,China
JANE GIRALT Juan,Male,Water Polo,China
WU Zhiyu,Male,Water Polo,China
QU Tao,Female,Rhythmic Gymnastics,China
SUN Dan,Female,Rhythmic Gymnastics,China
XU Yanshu,Female,Rhythmic Gymnastics,China
BLIZNYUK Anastasia,Female,Rhythmic Gymnastics,China
LARHOLM Erik Jonas,Male,Handball,Korea
RADIC Vanja,Female,Handball,Korea
SIGNELL Kurt Henrik,Male,Handball,Korea
AGAFONTSEV Sergiy,Male,Artistic Gymnastics,"Hong Kong, China"
KRCE Lucijan,Male,Artistic Gymnastics,Croatia
MADAREVIC Vladimir,Male,Artistic Gymnastics,Croatia
MWAPE Bruce,Male,Football,Zambia
LAVARINI Stefano,Male,Volleyball,Poland
VETTORI Nicola,Male,Volleyball,Poland
PACHLINSKI Krystian,Male,Volleyball,Poland
SUFA Bartosz,Male,Volleyball,Poland
NTHALA Charity,Female,Football,Zambia
KOHLOFFEL Markus,Male,Taekwondo,EOR
ZAREEI SHAMSABADI Manni,Male,Taekwondo,EOR
SABAH Asif,Male,Taekwondo,EOR
YUSSUPOVA Aliya,Female,Rhythmic Gymnastics,Kazakhstan
DUISENGALIYEVA Danissa,Female,Rhythmic Gymnastics,Kazakhstan
NOLANO Claudio,Male,Taekwondo,Italy
ALFARO RODRIGUEZ Santiago,Male,Rugby Sevens,Uruguay
LEE KIM Daniel,Male,Taekwondo,Uruguay
RENARD Herve,Male,Football,France
BONADEI Laurent,Male,Football,France
BLAHIC Eric,Male,Football,France
FOUACHE Gilles,Male,Football,France
MAMAYEV Nursultan,Male,Taekwondo,Kazakhstan
KIM Kwangsu,Male,Taekwondo,Kazakhstan
BESBAYEV Olzhas,Male,Taekwondo,Kazakhstan
SAGYNAYEV Kanat,Male,Taekwondo,Kazakhstan
DOBLER Mauro,Male,Football,Argentina
ECHEVERRY Alex,Male,Football,Colombia
PHIRI Yona,Male,Football,Zambia
GRAND'PIERRE Naomy Hope,Female,Artistic Gymnastics,Haiti
LAMBDIN Stephen,Male,Taekwondo,United States
ABARCA Megan,Female,Artistic Swimming,United States
MWILA Florence,Female,Football,Zambia
ELFAKHARANY Hany,Male,Handball,Egypt
SIERRA MENDEZ Jose Manuel,Male,Handball,Egypt
PASTOR GOMEZ Juan Carlos,Male,Handball,Egypt
VATKIN Vladimir,Male,Artistic Gymnastics,Kazakhstan
KURBANOV Khussanzhan,Male,Artistic Gymnastics,Kazakhstan
KENESSOV Sapargali,Male,Artistic Gymnastics,Kazakhstan
ALMAAZMI Abdalla,Male,Taekwondo,Palestine
RODRIGUEZ VAQUERO Jose Maria,Male,Handball,Hungary
VELASCO ENCINAS Miguel Angel,Male,Handball,Hungary
ZOLGHADRI Farzad,Male,Taekwondo,Bulgaria
GOLOVIN Vlagyimir Alekszandrovics,Male,Handball,Hungary
PIGNICZKI Krisztina,Female,Handball,Hungary
MASCHERANO Javier,Male,Football,Argentina
MARSIGLIA Angelo,Male,Football,Colombia
RODRIGUEZ Lucas,Male,Football,Argentina
STILLITANO Leandro,Male,Football,Argentina
AGUILAR ESTRADA Eduardo,Male,Hockey,Spain
CALDAS Maximiliano,Male,Hockey,Spain
GARCIA CUENCA Carlos,Male,Hockey,Spain
GAVILAN MORAL Diego Manuel,Male,Hockey,Spain
GUTIERREZ ZULAICA Lorena,Female,Hockey,Spain
IGLESIAS BILBAO Alejandro,Male,Hockey,Spain
JARO MOLINA Rafael,Male,Hockey,Spain
LAZARO REINA Jordi,Male,Hockey,Spain
MOVELLAN de la MAZA Borja,Male,Hockey,Spain
PALOMERO MARTIN Oscar,Male,Hockey,Spain
PEREZ Carlos,Male,Football,Colombia
CANTWELL Lynne,Female,Rugby Sevens,South Africa
DAZEL Renfred,Male,Rugby Sevens,South Africa
MOLOPYANE Obakeng,Male,Rugby Sevens,South Africa
PARKER Naasier,Male,Rugby Sevens,South Africa
AFRIKA Cecil,Male,Rugby Sevens,South Africa
WAKAMA Rena,Female,Basketball,Nigeria
OLAJUWON Alon,Female,Basketball,Nigeria
FUENTES Andrea,Female,Artistic Swimming,United States
TEIXEIRA Lara,Female,Artistic Swimming,United States
RUIZ CASAS Jairo,Male,Artistic Gymnastics,Colombia
LIM Alison,Female,Artistic Gymnastics,Colombia
ALONSO CALVO Adria,Male,Artistic Gymnastics,Spain
BANGO MELCON Benjamin,Male,Artistic Gymnastics,Spain
BOTELLA PEREZ de LANDAZAB Isaac,Male,Artistic Gymnastics,Spain
CARRASCAL RUBIO Alvaro,Male,Artistic Gymnastics,Spain
CASIMIRO ROS Javier,Male,Artistic Gymnastics,Spain
GUISADO MUNOZ Lucia,Female,Artistic Gymnastics,Spain
MARTINEZ SANCHEZ Manuel Angel,Male,Artistic Gymnastics,Spain
MIR HOMAR Pedro,Male,Artistic Gymnastics,Spain
RUEDA BRAVO Eva,Female,Artistic Gymnastics,Spain
SAN JOSE CRISTOBAL Almudena,Female,Artistic Gymnastics,Spain
BROWN LOPEZ Dagmara,Female,Rhythmic Gymnastics,Spain
FERRANDEZ ARENAS Monica,Female,Rhythmic Gymnastics,Spain
GARCIA GARCES Maria,Female,Rhythmic Gymnastics,Spain
LINARES GARCIA Marta,Female,Rhythmic Gymnastics,Spain
MALCHAIR SELECQUE Caroline Martine,Female,Rhythmic Gymnastics,Spain
PELAZ MOTA Ana,Female,Rhythmic Gymnastics,Spain
QUEREDA FLORES Alejandra,Female,Rhythmic Gymnastics,Spain
KASSMAN Edward,Male,Taekwondo,Papua New Guinea
PABLO Jose,Male,Handball,Angola
FERREIRINHA Jose,Male,Artistic Gymnastics,Portugal
CAPORN Adam,Male,Basketball,Australia
GOORJIAN Brian,Male,Basketball,Australia
CHAMBERS Cheryl,Female,Basketball,Australia
PATRICK David,Male,Basketball,Australia
NIELSEN Matt,Male,Basketball,Australia
GORISS Paul,Male,Basketball,Australia
CARROLL Ryan,Male,Basketball,Australia
BRONDELLO Sandy,Female,Basketball,Australia
SEEBHOM Shannon,Male,Basketball,Australia
PYSMENNA Oksana,Female,Artistic Swimming,Korea
CHOI Jungyeol,Male,Artistic Gymnastics,Korea
KIM Daeeun,Male,Artistic Gymnastics,Korea
KIM Jihoon,Male,Artistic Gymnastics,Korea
LEE Sunsung,Male,Artistic Gymnastics,Korea
MIN Ayoung,Female,Artistic Gymnastics,Korea
CSEH Sandor Viktor,Male,Water Polo,Hungary
MUNALA Japheth,Male,Volleyball,Kenya
BARASA James,Male,Volleyball,Kenya
MIHOK Attila,Male,Water Polo,Hungary
TORTOSA Hugo,Male,Taekwondo,Lesotho
TOPARI Yusuf,Male,Artistic Gymnastics,Australia
MITCHELL Katie,Female,Rhythmic Gymnastics,Australia
BARABACH Mikhail,Male,Artistic Gymnastics,Australia
WILSON Sean,Male,Artistic Gymnastics,Australia
BELAN Tatsiana,Female,Rhythmic Gymnastics,Australia
LI Xiaoqing,Female,Artistic Gymnastics,Australia
DOUMBIA Bounafou,Male,Football,Mali
BARRETO Diego,Male,Football,Paraguay
DENIA Santi,Male,Football,Spain
GORDO David,Male,Football,Spain
MARTINEZ Ruben,Male,Football,Spain
ZIMMERMANN Matthieu,Male,Artistic Gymnastics,Belgium
EHREN Raoul,Male,Hockey,Belgium
McLEOD Shane,Male,Hockey,Belgium
GAMBLUCH Leonardo,Male,Taekwondo,Belgium
VARGA Zsolt,Male,Water Polo,Hungary
UGLESSICH Mariano,Male,Football,Paraguay
HAYES Emma,Female,Football,United States
REDDY Denise,Female,Football,United States
SEARLE Stuart,Male,Football,United States
JARA SAGUIER Carlos,Male,Football,Paraguay
COVELO Alex,Male,Football,United States
MITROVIC Marko,Male,Football,United States
PAYNE Russell,Male,Football,United States
SEGARES Gonzalo,Male,Football,United States
MAYNE Michael,Male,Football,New Zealand
REED Duncan,Male,Football,New Zealand
BAZELEY Darren,Male,Football,New Zealand
GOTHARD Paul,Male,Football,New Zealand
READINGS Tony,Male,Football,New Zealand
ELLIOTT Simon,Male,Football,New Zealand
SARVER Keri,Female,Football,New Zealand
POTTER Anthony,Male,Hockey,Australia
BATCH Colin,Male,Hockey,Australia
STANIFORTH Dave,Male,Hockey,Australia
MURRAY Emma,Female,Hockey,Australia
PURVIS Hugh,Male,Hockey,Australia
DAVY Jeremy,Male,Hockey,Australia
POWELL Katrina,Female,Hockey,Australia
HAMMOND Rob,Male,Hockey,Australia
LU Xiaohui,Male,Rugby Sevens,China
ZHU Jiangtao,Male,Rugby Sevens,China
MA Chong,Male,Rugby Sevens,China
ZHU Jing,Male,Rugby Sevens,China
CARNELI Ryan,Male,Taekwondo,Australia
LEE Seokhun,Male,Taekwondo,Australia
MACCARANI Emanuela,Female,Rhythmic Gymnastics,Italy
ROVETTA Valentina,Female,Rhythmic Gymnastics,Italy
MANCINELLI Claudia,Female,Rhythmic Gymnastics,Italy
ABDULLAYEV Mammad,Male,Taekwondo,Azerbaijan
RADONIC Vesna,Female,Rhythmic Gymnastics,Montenegro
YANITSAS Andrew,Male,Water Polo,Australia
DENIS Eddie,Male,Water Polo,Australia
RIPPON Bec,Female,Water Polo,Australia
WOODS Taryn,Female,Water Polo,Australia
HAMILL Tim,Male,Water Polo,Australia
SULTANOV Yesbol,Male,Taekwondo,Tunisia
HECHMI Jendoubi,Male,Taekwondo,Tunisia
MARTIN CEDRES Ambrosio Jose,Male,Handball,Spain
MONTES AGUERA Cesar Jesus,Male,Handball,Spain
PRADES PONS Jose Ignacio,Male,Handball,Spain
RIBERA ROMANS Jordi,Male,Handball,Spain
JAKOVLJEVIC Nenad,Male,Basketball,Serbia
KOSTIC Oliver,Male,Basketball,Serbia
MARINOVIC Marko,Male,Basketball,Serbia
PESIC Svetislav,Male,Basketball,Serbia
STOJAKOVIC Ognjen,Male,Basketball,Serbia
SEKULIC Marko,Male,Basketball,Serbia
BUTULIJA Dajana,Female,Basketball,Serbia
DRLJACA Ljubica,Female,Basketball,Serbia
MALJKOVIC Marina,Female,Basketball,Serbia
PAGE Danielle Nicole,Female,Basketball,Serbia
BEATTIE Ciaran,Male,Rugby Sevens,Great Britain
NOLAN James,Male,Rugby Sevens,Great Britain
PUGH Richie,Male,Rugby Sevens,Great Britain
RIDDELL Scott,Male,Rugby Sevens,Great Britain
ROQUES Tony,Male,Rugby Sevens,Great Britain
JANIC Bojan,Male,Volleyball,Serbia
JEVTIC Ivica,Male,Volleyball,Serbia
KOLAKOVIC Igor,Male,Volleyball,Serbia
MAJSTOROVIC Neven,Male,Volleyball,Serbia
BUTARBUTAR Eva,Female,Artistic Gymnastics,Indonesia
BLAGOJEVIC Jelena,Female,Volleyball,Serbia
GUIDETTI Giovanni,Male,Volleyball,Serbia
TUDELA PERRET Matias,Male,Rugby Sevens,Spain
HERNANDEZ JIMENEZ Francisco de Pau.,Male,Rugby Sevens,Spain
KOCH Ulla,Female,Artistic Gymnastics,Belgium
van den HEUVEL Michel,Male,Hockey,Belgium
MALDONADO Oscar,Male,Taekwondo,Dominican Republic
MATEO BATISTA Ruddy,Male,Taekwondo,Dominican Republic
LAACHRAOUI Mourad,Male,Taekwondo,Belgium
MEZIANE Rachid,Male,Basketball,Belgium
BARTON Emilee,Female,Rugby Sevens,Australia
STANNARD James,Male,Rugby Sevens,Australia
MANENTI John,Male,Rugby Sevens,Australia
WALSH Timothy,Male,Rugby Sevens,Australia
BYDWELL Emilie,Female,Rugby Sevens,United States
TEST Zack,Male,Rugby Sevens,United States
FORD Trey,Male,Rugby Sevens,United States
FRIDAY Mike,Male,Rugby Sevens,United States
GREENING Phil,Male,Rugby Sevens,United States
FERREIRA Marcel,Male,Artistic Swimming,Brazil
KARFUNKELSTEIN Rogerio,Male,Artistic Swimming,Brazil
SPLITTER Tiago,Male,Basketball,Brazil
HAMANO Yukiya,Male,Football,Japan
HANEDA Kenji,Male,Football,Japan
OIWA Go,Male,Football,Japan
CUNHA Thiago,Male,Football,Egypt
ALBINO Cristiano,Male,Artistic Gymnastics,Brazil
BISCALCHIN Daniel,Male,Artistic Gymnastics,Brazil
PORATH Francisco,Male,Artistic Gymnastics,Brazil
YASHENKO Iryna,Female,Artistic Gymnastics,Brazil
ROSA Bruna,Female,Rhythmic Gymnastics,Brazil
FEREZIN Camila,Female,Rhythmic Gymnastics,Brazil
NAVES Marcia,Female,Rhythmic Gymnastics,Brazil
PEREIRA Alexandro,Male,Rhythmic Gymnastics,Brazil
FIGUEIREDO Tatiana,Female,Rhythmic Gymnastics,Brazil
FUCHS Tracey,Female,Hockey,United States
PASSMORE David,Male,Hockey,United States
TELECHEA Javi,Male,Hockey,United States
MATHEUS Carlos,Male,Artistic Swimming,Brazil
DOMINGUES Felipe,Male,Artistic Swimming,Brazil
POSSENTI Fernando,Male,Artistic Swimming,Brazil
ONHA MARQUES Sergio,Male,Artistic Swimming,Brazil
FEW Mark,Male,Basketball,United States
KERR Steve,Male,Basketball,United States
LUE Tyronn,Male,Basketball,United States
SPOELSTRA Erik,Male,Basketball,United States
LAWSON Kara,Female,Basketball,United States
MILLER Curt,Male,Basketball,United States
REEVE Cheryl,Female,Basketball,United States
TAYLOR Joni,Female,Basketball,United States
THIBAULT Mike,Male,Basketball,United States
WRIGHT Tanisha,Female,Basketball,United States
KOLINISAU Ratu Osea,Male,Rugby Sevens,Fiji
ARENHART ALVES Ismael,Male,Rugby Sevens,Brazil
BRODERICK William,Male,Rugby Sevens,Brazil
FERRER Alexander,Male,Artistic Swimming,Brazil
dos SANTOS Clayton,Male,Taekwondo,Brazil
RIBEIRO Diego,Male,Taekwondo,Brazil
NAMAUA Tikiko,Male,Rugby Sevens,Fiji
KLAMBURG ROQUE Paula,Female,Artistic Swimming,Australia
ONO Shoko,Female,Artistic Swimming,Australia
SOARES Mateus Joao Felgueiras,Male,Taekwondo,Timor-Leste
LUZON Guy,Male,Football,Israel
CHOEN Haim,Male,Football,Israel
BUTALA-KOVACIC Petra,Female,Taekwondo,Serbia
JOVIC Dragan,Male,Taekwondo,Serbia
SAVICEVIC Veljko,Male,Taekwondo,Serbia
BUCHNIK Victor,Male,Football,Israel
BILIC Darko,Male,Water Polo,Serbia
CIRIC Stefan,Male,Water Polo,Serbia
STEVANOVIC Uros,Male,Water Polo,Serbia
TAAFFE Robert,Male,Taekwondo,Ireland
NSILU DILANDU Leroy,Male,Taekwondo,Ireland
EFTIMOV Aleksandar,Male,Taekwondo,North Macedonia
ADEL MOSTAFA,Male,Football,Egypt
FUJIKI Mayuko,Female,Artistic Swimming,Spain
JIMENEZ NIETO Cecilia,Female,Artistic Swimming,Spain
REQUENA PERICAS Judit,Female,Artistic Swimming,Spain
VEGA HERRERO Anna,Female,Artistic Swimming,Spain
ANDREO GABAN Angel Luis,Male,Water Polo,Spain
APARICIO SUNEN Antonio Francisco,Male,Water Polo,Spain
IVANOV PIRALKOV Svilen,Male,Water Polo,Spain
MARTIN LOZANO David,Male,Water Polo,Spain
OCA GAIA Miguel Angel,Male,Water Polo,Spain
VALLS NART Jordi,Male,Water Polo,Spain
KERTESZNE BORKAI Anita,Female,Artistic Gymnastics,Hungary
CAMPODONICO Marco,Male,Artistic Gymnastics,Italy
CASELLA Enrico,Male,Artistic Gymnastics,Italy
ZHOU Tianke,Female,Rhythmic Gymnastics,Lao PDR
ALLER CARBALLO Manuel Angel,Male,Basketball,Spain
CAMPS SAN JOSE Salvador,Male,Basketball,Spain
FERNANDEZ TARGARONA Isaac,Male,Basketball,Spain
GARCIA GUADARRAMA Victor Jesus,Male,Basketball,Spain
GUIL Luis,Male,Basketball,Spain
MENDEZ Miguel,Male,Basketball,Spain
REY Luis,Male,Basketball,Spain
PRADO BRANAS Joaquin,Male,Basketball,Spain
SANCHEZ CANETE CALVO Angel Luis,Male,Basketball,Spain
SCARIOLO Sergio,Male,Basketball,Spain
URIETA GUTIERREZ Madelen,Female,Basketball,Spain
CAREY Brian,Male,Artistic Gymnastics,United States
LANDI Cecile,Female,Artistic Gymnastics,United States
BRECKENRIDGE Grant,Male,Artistic Gymnastics,United States
SUN Sonia,Female,Artistic Gymnastics,United States
GRABA Jess,Male,Artistic Gymnastics,United States
GAARENSTROOM Jordan,Male,Artistic Gymnastics,United States
LANDI Laurent,Male,Artistic Gymnastics,United States
KLIMOUK Natalia,Female,Rhythmic Gymnastics,United States
CAESAR Syque,Male,Artistic Gymnastics,United States
MIKULAK Sam,Male,Artistic Gymnastics,United States
LIUKIN Valeri,Male,Artistic Gymnastics,United States
BARRIEAU Jocelyn,Female,Rugby Sevens,Canada
HANRATTY Jack,Male,Rugby Sevens,Canada
MONAGHAN Iain,Male,Rugby Sevens,Canada
JOYCE Jenn,Female,Rugby Sevens,Canada
KONE Thierry,Male,Taekwondo,Côte d'Ivoire
VOLAVOLA Timoci,Male,Rugby Sevens,Fiji
TUIFUA Tevita,Male,Rugby Sevens,Tonga
OTUMULI Mavae,Male,Rugby Sevens,Tonga
VAIANGINA Ekitino,Male,Rugby Sevens,Tonga
LIUTAI Malika,Male,Rugby Sevens,Tonga
FULI Saiasi,Male,Rugby Sevens,Fiji
TOPPING James,Male,Rugby Sevens,Ireland
TEMPLE-JONES Allan,Male,Rugby Sevens,Ireland
WONG Ka Wing,Male,Taekwondo,"Hong Kong, China"
MICALE Rogerio,Male,Football,Egypt
LERGA Javier,Male,Football,Spain
SANCHEZ Carlos,Male,Football,Spain
TOME Montse,Female,Football,Spain
BAYER Steven,Male,Hockey,Belgium
WHITE Tim,Male,Hockey,Belgium
LOPEZ ROMERO Victor Hugo,Male,Handball,Japan
ORTEGA PEREZ Antonio Carlos,Male,Handball,Japan
ROCHA de REZENDE Bernardo,Male,Volleyball,Brazil
RIBAS Giuliano,Male,Volleyball,Brazil
LAGES GUIMARAES Jose Roberto,Male,Volleyball,Brazil
DO REGO BARROS JUNIOR Paulo,Male,Volleyball,Brazil
LEONALDO Roberley Luiz,Male,Volleyball,Brazil
TABACH Ricardo,Male,Volleyball,Brazil
COPPINI FERNANDES Wagner Luiz,Male,Volleyball,Brazil
KEET Marcelle,Female,Hockey,South Africa
BONNET Giles,Male,Hockey,South Africa
GIL Carlos,Male,Artistic Gymnastics,Panama
LAWRENCE Natalie,Female,Football,New Zealand
HERST Jen,Female,Football,Canada
MANDER Jasmine,Female,Football,Canada
PRIESTMAN Bev,Female,Football,Canada
SPENCE Andy,Male,Football,Canada
PARK Jae,Male,Taekwondo,Canada
THORNTON Daniel,Male,Taekwondo,Canada
LIMA Brian,Male,Rugby Sevens,Samoa
PARADELO David,Male,Water Polo,Canada
POSTERIVO Stefano,Male,Water Polo,Canada
CAMPBELL Cora,Female,Water Polo,Canada
IGLESIAS Rodrigo,Male,Football,Brazil
ALCANTARA Edson,Male,Football,Brazil
ELIAS Arthur,Male,Football,Brazil
LALOMILO Faamaoni,Male,Rugby Sevens,Samoa
CIRKOVIC Vedran,Male,Water Polo,Australia
CHERNETSKA Nataliya,Female,Artistic Swimming,Greece
KAMMENOU Alexia Anna,Female,Water Polo,Greece
LEMPESIS Xenofon,Male,Water Polo,Greece
PYRPYRIS Anastasios,Male,Water Polo,Greece
SCHIZAS Anastasios,Male,Water Polo,Greece
VLACHOS Theodoros,Male,Water Polo,Greece
KANTZOURIS Ilias,Male,Basketball,Greece
SPANOULIS Vasilis,Male,Basketball,Greece
RAFTIS Dimitrios,Male,Artistic Gymnastics,Greece
JENNINGS Stephen,Male,Taekwondo,EOR
FJELLSTROM Jens,Male,Football,Australia
ANDREATTA Mel,Female,Football,Australia
GUSTAVSSON Tony,Male,Football,Australia
van ECK Richard,Male,Water Polo,Netherlands
DOUDESIS Eva,Male,Water Polo,Netherlands
MOGHANLOU Bijan,Male,Taekwondo,Egypt
SICOT David Patrick,Male,Taekwondo,Lebanon
SEKTIOUI Tarik,Male,Football,Morocco
HADJI Youssouf,Male,Football,Morocco
BADAWI Ghanem,Male,Artistic Gymnastics,Syria
van der VEEN Jose,Female,Artistic Gymnastics,Netherlands
WEVERS Vincent,Male,Artistic Gymnastics,Netherlands
den UIJL Kevin,Male,Artistic Gymnastics,Netherlands
JACOBS Jeroen,Male,Artistic Gymnastics,Netherlands
KLEUSKENS Marcel,Male,Artistic Gymnastics,Netherlands
KNIBBELER Daniel,Male,Artistic Gymnastics,Netherlands
van MELDERT Dirk Jan,Male,Artistic Gymnastics,Netherlands
CLARIJS Ricardo,Male,Handball,Netherlands
JOHANSSON Per,Male,Handball,Netherlands
GOUTSEVA Anastasia,Female,Artistic Swimming,Greece
SOKOLOVA Natalia,Female,Rhythmic Gymnastics,Cyprus
OGEYINGBO Ayodeji,Male,Basketball,Nigeria
DERAEDT Laurent,Male,Football,Morocco
LESZNER Joe,Male,Archery,Canada
TICHELMAN Thomas,Male,Hockey,Netherlands
van ASS Paul,Male,Hockey,Netherlands
DELMEE Jeroen,Male,Hockey,Netherlands
VERBOOM Eric,Male,Hockey,Netherlands
ALIYEVA Kamilla,Female,Rhythmic Gymnastics,Azerbaijan
VILYAYEVA Yevgeniya,Female,Rhythmic Gymnastics,Azerbaijan
VASILEVA Siyana,Female,Rhythmic Gymnastics,Azerbaijan
GULIYEV Kamil,Male,Rhythmic Gymnastics,Azerbaijan
KARIMLI Akif,Male,Rhythmic Gymnastics,Azerbaijan
JAUMA CAYUELA Esther,Female,Artistic Swimming,Netherlands
GIE Cheslyn,Male,Hockey,South Africa
NTULI Siphesihle,Male,Hockey,South Africa
GOMEZ Ibai,Male,Football,Dominican Republic
RAMOS SANCHEZ Antonio,Male,Taekwondo,Côte d'Ivoire
AMOREBIETA Fernando,Male,Football,Dominican Republic
BRITEZ Cristhian,Male,Football,Dominican Republic
BALAN Adrian,Male,Artistic Gymnastics,Canada
COWAN Lisa,Female,Artistic Gymnastics,Canada
KIKUCHI David,Male,Artistic Gymnastics,Canada
van HOOF Ed,Male,Artistic Gymnastics,Canada
FALSETTA Ross,Male,Artistic Gymnastics,Great Britain
DENG Ajou,Male,Basketball,South Sudan
WIGNALL Rachel,Female,Artistic Gymnastics,Great Britain
MEIJER Eric,Male,Volleyball,Netherlands
KOSLOWSKI Felix,Male,Volleyball,Netherlands
FERRER CUTINO Gil,Male,Volleyball,Netherlands
IVEY Royal,Male,Basketball,South Sudan
KOUDI Mandela,Male,Basketball,South Sudan
CHIEJINE Ann,Female,Football,Nigeria
KULESZA Kasia,Female,Artistic Swimming,Canada
MORGAN Kerri,Female,Artistic Swimming,Canada
VOLOSHYNA Anna,Female,Artistic Swimming,Canada
YAKHNO Yelyzaveta,Female,Artistic Swimming,Canada
SAWADOGO Rasmane,Male,Taekwondo,Burkina Faso
BAUR Steve,Male,Basketball,Canada
BJORKGREN Nate,Male,Basketball,Canada
CLARKE Carly,Female,Basketball,Canada
FERNANDEZ Jordi,Male,Basketball,Canada
LAPENA Victor,Male,Basketball,Canada
MITCHELL Nathaniel,Male,Basketball,Canada
N'DONG Boniface,Male,Basketball,Canada
PAGE Murriel,Female,Basketball,Canada
QUINN Noelle,Female,Basketball,Canada
DENG Luol,Male,Basketball,South Sudan
CASTANEDA Allen Aldrin,Male,Artistic Gymnastics,Philippines
HRYBANOV Andrii,Male,Artistic Gymnastics,Israel
GRIFFETH Garrett Stephen,Male,Artistic Gymnastics,Philippines
ABAD EXPOSITO Iker Miquel,Male,Taekwondo,Ireland
WALDRUM Randy,Male,Football,Nigeria
DIAWARA Kaba,Male,Football,Guinea
CAPELLI Claudio,Male,Artistic Gymnastics,Switzerland
GUELZEC Laurent,Male,Artistic Gymnastics,Switzerland
KISTLER Frank,Male,Artistic Gymnastics,Switzerland
MUNOZ BENITEZ Fernando,Male,Volleyball,Egypt
KIM Myong Hwa,Female,Artistic Gymnastics,DPR Korea
TRAJKOVIC Ivan Konrad,Male,Taekwondo,Slovenia
PAVLIC Aljaz,Male,Handball,Slovenia
MIJATOVIC Branka,Female,Handball,Slovenia
ADZIC Dragan,Male,Handball,Slovenia
DROZHANOVA Elena,Female,Rhythmic Gymnastics,Slovenia
CRETU Gheorghe,Male,Volleyball,Slovenia
DIVKOVIC Goran,Male,Taekwondo,Slovenia
ZVIZEJ Luka,Male,Handball,Slovenia
de CECCO Matteo,Male,Volleyball,Slovenia
RETELJ Natasa,Female,Artistic Gymnastics,Slovenia
ZORMAN Uros,Male,Handball,Slovenia
KEDACIC Zoran,Male,Volleyball,Slovenia
MUGANGUZI Wani,Male,Basketball,Nigeria
FITZGERALD David,Male,Hockey,Ireland
BAM Jenna,Female,Rugby Sevens,South Africa
FALAHATGAR ETMINANI Davoud,Male,Taekwondo,Bulgaria
PETROVIC Aleksandar,Male,Basketball,Brazil
GORIATCHKINE Ivan,Male,Artistic Gymnastics,Philippines
BASILE Leonardo,Male,Taekwondo,EOR
VICTOR John,Male,Taekwondo,Nigeria
DONNELLY Peter,Male,Rugby Sevens,Ireland
CARSON Luke,Male,Artistic Gymnastics,Ireland
GORBACHEV Stepan,Male,Artistic Gymnastics,Ukraine
MARAJAN Sabit,Male,Taekwondo,South Sudan
DIAWARA Fousseni,Male,Football,Guinea
CAUKAUNIVALU Setefano,Male,Rugby Sevens,Fiji
GRANDES Pablo,Male,Football,Iraq
FONG Lerissa,Female,Rugby Sevens,Samoa
POMARE Sapani,Male,Rugby Sevens,Samoa
FAALUPEGA Avii,Female,Rugby Sevens,Samoa
DAVID EP CHIRILCENCO Georgeta,Female,Artistic Gymnastics,Algeria
ELZEFTAWEY Tarek,Male,Volleyball,Egypt
GAARENSTROOM Jordan Jon,Male,Artistic Gymnastics,Syria
PROST KOSIR Primoz,Male,Handball,Slovenia
TRAORE Alioune,Male,Taekwondo,Mali
COCCIA Kristina,Female,Artistic Gymnastics,Haiti
KAMKASOUMPHOU Ekvara,Male,Taekwondo,Mali
KHAJAVI Naeima,Male,Taekwondo,Egypt
LAWSON Franck,Male,Taekwondo,Burkina Faso
Mc DONALD Janelle Leigh,Female,Artistic Gymnastics,Philippines
QUESNEL Yannick,Male,Football,Guinea
TANSKANEN Juha Petteri,Male,Artistic Gymnastics,Syria
CHOUBA Jaouad,Female,Taekwondo,Guinea-Bissau
HERDEIRO Alvaro Francisco,Male,Handball,Brazil
MAROJA Gabriel Augusto,Male,Handball,Brazil
ALONSO BERNARDO Jessica,Female,Handball,Spain
LARSSON Thomas Erik Daniel,Male,Handball,Netherlands
CAROU Gonzalo,Male,Handball,Argentina
CAZON Guillermo,Male,Handball,Argentina
CAAMANO Juan,Male,Handball,Spain
TORRESCUSA Ignacio,Male,Handball,Spain
GJERDE Joar,Male,Handball,Norway
BONDAR Vladyslav,Male,Taekwondo,Burkina Faso
CICHELLO Juan Manuel,Male,Volleyball,Italy
VASSILIADES Emmanuel,Male,Water Polo,Greece
