name,gender,discipline,country,medal_type
Remco EVENEPOEL,M,Cycling Road,Belgium,Gold Medal
Filippo GANNA,M,Cycling Road,Italy,Silver Medal
Wout van AERT,M,Cycling Road,Belgium,Bronze Medal
Grace BROWN,W,Cycling Road,Australia,Gold Medal
Anna HENDERSON,W,Cycling Road,Great Britain,Silver Medal
Chloe DYGERT,W,Cycling Road,United States,Bronze Medal
China,W,Diving,China,Gold Medal
United States,W,Diving,United States,Silver Medal
Great Britain,W,Diving,Great Britain,Bronze Medal
OH Sanguk,M,Fencing,Korea,Gold Medal
Fares FERJANI,M,Fencing,Tunisia,Silver Medal
Luigi SAMELE,M,Fencing,Italy,Bronze Medal
KONG Man Wai Vivian,W,Fencing,"Hong Kong, China",Gold Medal
Auriane MALLO-BRETON,W,Fencing,France,Silver Medal
Eszter MUHARI,W,Fencing,Hungary,Bronze Medal
Yeldos SMETOV,M,Judo,Kazakhstan,Gold Medal
Luka MKHEIDZE,M,Judo,France,Silver Medal
NAGAYAMA Ryuju,M,Judo,Japan,Bronze Medal
Francisco GARRIGOS,M,Judo,Spain,Bronze Medal
TSUNODA Natsumi,W,Judo,Japan,Gold Medal
Baasankhuu BAVUUDORJ,W,Judo,Mongolia,Silver Medal
Shirine BOUKLI,W,Judo,France,Bronze Medal
Tara BABULFATH,W,Judo,Sweden,Bronze Medal
France,M,Rugby Sevens,France,Gold Medal
Fiji,M,Rugby Sevens,Fiji,Silver Medal
South Africa,M,Rugby Sevens,South Africa,Bronze Medal
China 1,X,Shooting,China,Gold Medal
Korea 1,X,Shooting,Korea,Silver Medal
Kazakhstan 1,X,Shooting,Kazakhstan,Bronze Medal
United States,M,Swimming,United States,Gold Medal
Australia,M,Swimming,Australia,Silver Medal
Italy,M,Swimming,Italy,Bronze Medal
Lukas MAERTENS,M,Swimming,Germany,Gold Medal
Elijah WINNINGTON,M,Swimming,Australia,Silver Medal
KIM Woomin,M,Swimming,Korea,Bronze Medal
Australia,W,Swimming,Australia,Gold Medal
United States,W,Swimming,United States,Silver Medal
China,W,Swimming,China,Bronze Medal
Ariarne TITMUS,W,Swimming,Australia,Gold Medal
Summer McINTOSH,W,Swimming,Canada,Silver Medal
Katie LEDECKY,W,Swimming,United States,Bronze Medal
Korea,W,Archery,Korea,Gold Medal
China,W,Archery,China,Silver Medal
Mexico,W,Archery,Mexico,Bronze Medal
Jessica FOX,W,Canoe Slalom,Australia,Gold Medal
Klaudia ZWOLINSKA,W,Canoe Slalom,Poland,Silver Medal
Kimberley WOODS,W,Canoe Slalom,Great Britain,Bronze Medal
Pauline FERRAND PREVOT,W,Cycling Mountain Bike,France,Gold Medal
Haley BATTEN,W,Cycling Mountain Bike,United States,Silver Medal
Jenny RISSVEDS,W,Cycling Mountain Bike,Sweden,Bronze Medal
KANO Koki,M,Fencing,Japan,Gold Medal
Yannick BOREL,M,Fencing,France,Silver Medal
Mohamed ELSAYED,M,Fencing,Egypt,Bronze Medal
Lee KIEFER,W,Fencing,United States,Gold Medal
Lauren SCRUGGS,W,Fencing,United States,Silver Medal
Eleanor HARVEY,W,Fencing,Canada,Bronze Medal
ABE Hifumi,M,Judo,Japan,Gold Medal
Willian LIMA,M,Judo,Brazil,Silver Medal
Gusman KYRGYZBAYEV,M,Judo,Kazakhstan,Bronze Medal
Denis VIERU,M,Judo,Republic of Moldova,Bronze Medal
Diyora KELDIYOROVA,W,Judo,Uzbekistan,Gold Medal
Distria KRASNIQI,W,Judo,Kosovo,Silver Medal
Larissa PIMENTA,W,Judo,Brazil,Bronze Medal
Amandine BUCHARD,W,Judo,France,Bronze Medal
XIE Yu,M,Shooting,China,Gold Medal
Federico Nilo MALDINI,M,Shooting,Italy,Silver Medal
Paolo MONNA,M,Shooting,Italy,Bronze Medal
OH Ye Jin,W,Shooting,Korea,Gold Medal
KIM Yeji,W,Shooting,Korea,Silver Medal
Manu BHAKER,W,Shooting,India,Bronze Medal
YOSHIZAWA Coco,W,Skateboarding,Japan,Gold Medal
AKAMA Liz,W,Skateboarding,Japan,Silver Medal
Rayssa LEAL,W,Skateboarding,Brazil,Bronze Medal
Nicolo MARTINENGHI,M,Swimming,Italy,Gold Medal
Adam PEATY,M,Swimming,Great Britain,Silver Medal
Nic FINK,M,Swimming,United States,Silver Medal
Leon MARCHAND,M,Swimming,France,Gold Medal
MATSUSHITA Tomoyuki,M,Swimming,Japan,Silver Medal
Carson FOSTER,M,Swimming,United States,Bronze Medal
Torri HUSKE,W,Swimming,United States,Gold Medal
Gretchen WALSH,W,Swimming,United States,Silver Medal
ZHANG Yufei,W,Swimming,China,Bronze Medal
Korea,M,Archery,Korea,Gold Medal
France,M,Archery,France,Silver Medal
Türkiye,M,Archery,Türkiye,Bronze Medal
Japan,M,Artistic Gymnastics,Japan,Gold Medal
China,M,Artistic Gymnastics,China,Silver Medal
United States,M,Artistic Gymnastics,United States,Bronze Medal
Nicolas GESTIN,M,Canoe Slalom,France,Gold Medal
Adam BURGESS,M,Canoe Slalom,Great Britain,Silver Medal
Matej BENUS,M,Canoe Slalom,Slovakia,Bronze Medal
Thomas PIDCOCK,M,Cycling Mountain Bike,Great Britain,Gold Medal
Victor KORETZKY,M,Cycling Mountain Bike,France,Silver Medal
Alan HATHERLY,M,Cycling Mountain Bike,South Africa,Bronze Medal
China,M,Diving,China,Gold Medal
Great Britain,M,Diving,Great Britain,Silver Medal
Canada,M,Diving,Canada,Bronze Medal
Michael JUNG,O,Equestrian,Germany,Gold Medal
Christopher BURTON,O,Equestrian,Australia,Silver Medal
Laura COLLETT,O,Equestrian,Great Britain,Bronze Medal
Great Britain,O,Equestrian,Great Britain,Gold Medal
France,O,Equestrian,France,Silver Medal
Japan,O,Equestrian,Japan,Bronze Medal
CHEUNG Ka Long,M,Fencing,"Hong Kong, China",Gold Medal
Filippo MACCHI,M,Fencing,Italy,Silver Medal
Nick ITKIN,M,Fencing,United States,Bronze Medal
Manon APITHY-BRUNET,W,Fencing,France,Gold Medal
Sara BALZER,W,Fencing,France,Silver Medal
Olga KHARLAN,W,Fencing,Ukraine,Bronze Medal
Hidayat HEYDAROV,M,Judo,Azerbaijan,Gold Medal
Joan-Benjamin GABA,M,Judo,France,Silver Medal
Adil OSMANOV,M,Judo,Republic of Moldova,Bronze Medal
HASHIMOTO Soichi,M,Judo,Japan,Bronze Medal
Christa DEGUCHI,W,Judo,Canada,Gold Medal
HUH Mimi,W,Judo,Korea,Silver Medal
FUNAKUBO Haruka,W,Judo,Japan,Bronze Medal
Sarah Leonie CYSIQUE,W,Judo,France,Bronze Medal
SHENG Lihao,M,Shooting,China,Gold Medal
Victor LINDGREN,M,Shooting,Sweden,Silver Medal
Miran MARICIC,M,Shooting,Croatia,Bronze Medal
BAN Hyojin,W,Shooting,Korea,Gold Medal
HUANG Yuting,W,Shooting,China,Silver Medal
Audrey GOGNIAT,W,Shooting,Switzerland,Bronze Medal
HORIGOME Yuto,M,Skateboarding,Japan,Gold Medal
Jagger EATON,M,Skateboarding,United States,Silver Medal
Nyjah HUSTON,M,Skateboarding,United States,Bronze Medal
Thomas CECCON,M,Swimming,Italy,Gold Medal
XU Jiayu,M,Swimming,China,Silver Medal
Ryan MURPHY,M,Swimming,United States,Bronze Medal
David POPOVICI,M,Swimming,Romania,Gold Medal
Matthew RICHARDS,M,Swimming,Great Britain,Silver Medal
Luke HOBSON,M,Swimming,United States,Bronze Medal
Tatjana SMITH,W,Swimming,South Africa,Gold Medal
TANG Qianting,W,Swimming,China,Silver Medal
Mona Mc SHARRY,W,Swimming,Ireland,Bronze Medal
Mollie O'CALLAGHAN,W,Swimming,Australia,Gold Medal
Ariarne TITMUS,W,Swimming,Australia,Silver Medal
HAUGHEY Siobhan Bernadette,W,Swimming,"Hong Kong, China",Bronze Medal
Summer McINTOSH,W,Swimming,Canada,Gold Medal
Katie GRIMES,W,Swimming,United States,Silver Medal
Emma WEYANT,W,Swimming,United States,Bronze Medal
United States,W,Artistic Gymnastics,United States,Gold Medal
Italy,W,Artistic Gymnastics,Italy,Silver Medal
Brazil,W,Artistic Gymnastics,Brazil,Bronze Medal
Italy,W,Fencing,Italy,Gold Medal
France,W,Fencing,France,Silver Medal
Poland,W,Fencing,Poland,Bronze Medal
NAGASE Takanori,M,Judo,Japan,Gold Medal
Tato GRIGALASHVILI,M,Judo,Georgia,Silver Medal
LEE Joonhwan,M,Judo,Korea,Bronze Medal
Somon MAKHMADBEKOV,M,Judo,Tajikistan,Bronze Medal
Andreja LESKI,W,Judo,Slovenia,Gold Medal
Prisca AWITI ALCARAZ,W,Judo,Mexico,Silver Medal
Clarisse AGBEGNENOU,W,Judo,France,Bronze Medal
Laura FAZLIU,W,Judo,Kosovo,Bronze Medal
New Zealand,W,Rugby Sevens,New Zealand,Gold Medal
Canada,W,Rugby Sevens,Canada,Silver Medal
United States,W,Rugby Sevens,United States,Bronze Medal
Serbia,X,Shooting,Serbia,Gold Medal
Türkiye 2,X,Shooting,Türkiye,Silver Medal
India 1,X,Shooting,India,Bronze Medal
Nathan HALES,M,Shooting,Great Britain,Gold Medal
QI Ying,M,Shooting,China,Silver Medal
Jean Pierre BROL CARDENAS,M,Shooting,Guatemala,Bronze Medal
Great Britain,M,Swimming,Great Britain,Gold Medal
United States,M,Swimming,United States,Silver Medal
Australia,M,Swimming,Australia,Bronze Medal
Daniel WIFFEN,M,Swimming,Ireland,Gold Medal
Bobby FINKE,M,Swimming,United States,Silver Medal
Gregorio PALTRINIERI,M,Swimming,Italy,Bronze Medal
Kaylee McKEOWN,W,Swimming,Australia,Gold Medal
Regan SMITH,W,Swimming,United States,Silver Medal
Katharine BERKOFF,W,Swimming,United States,Bronze Medal
WANG/SUN,X,Table Tennis,China,Gold Medal
RI/KIM,X,Table Tennis,DPR Korea,Silver Medal
LIM/SHIN,X,Table Tennis,Korea,Bronze Medal
OKA Shinnosuke,M,Artistic Gymnastics,Japan,Gold Medal
ZHANG Boheng,M,Artistic Gymnastics,China,Silver Medal
XIAO Ruoteng,M,Artistic Gymnastics,China,Bronze Medal
Jessica FOX,W,Canoe Slalom,Australia,Gold Medal
Elena LILIK,W,Canoe Slalom,Germany,Silver Medal
Evy LEIBFARTH,W,Canoe Slalom,United States,Bronze Medal
Jose TORRES GIL,M,Cycling BMX Freestyle,Argentina,Gold Medal
Kieran Darren David REILLY,M,Cycling BMX Freestyle,Great Britain,Silver Medal
Anthony JEANJEAN,M,Cycling BMX Freestyle,France,Bronze Medal
DENG Yawen,W,Cycling BMX Freestyle,China,Gold Medal
Perris BENEGAS,W,Cycling BMX Freestyle,United States,Silver Medal
Natalya DIEHM,W,Cycling BMX Freestyle,Australia,Bronze Medal
China,W,Diving,China,Gold Medal
DPR Korea,W,Diving,DPR Korea,Silver Medal
Great Britain,W,Diving,Great Britain,Bronze Medal
Korea,M,Fencing,Korea,Gold Medal
Hungary,M,Fencing,Hungary,Silver Medal
France,M,Fencing,France,Bronze Medal
Lasha BEKAURI,M,Judo,Georgia,Gold Medal
MURAO Sanshiro,M,Judo,Japan,Silver Medal
Maxime-Gael NGAYAP HAMBOU,M,Judo,France,Bronze Medal
Theodoros TSELIDIS,M,Judo,Greece,Bronze Medal
Barbara MATIC,W,Judo,Croatia,Gold Medal
Miriam BUTKEREIT,W,Judo,Germany,Silver Medal
Michaela POLLERES,W,Judo,Austria,Bronze Medal
Gabriella WILLEMS,W,Judo,Belgium,Bronze Medal
Netherlands,M,Rowing,Netherlands,Gold Medal
Italy,M,Rowing,Italy,Silver Medal
Poland,M,Rowing,Poland,Bronze Medal
Great Britain,W,Rowing,Great Britain,Gold Medal
Netherlands,W,Rowing,Netherlands,Silver Medal
Germany,W,Rowing,Germany,Bronze Medal
Adriana RUANO OLIVA,W,Shooting,Guatemala,Gold Medal
Silvana Maria STANCO,W,Shooting,Italy,Silver Medal
Penny SMITH,W,Shooting,Australia,Bronze Medal
PAN Zhanle,M,Swimming,China,Gold Medal
Kyle CHALMERS,M,Swimming,Australia,Silver Medal
David POPOVICI,M,Swimming,Romania,Bronze Medal
Leon MARCHAND,M,Swimming,France,Gold Medal
Zac STUBBLETY-COOK,M,Swimming,Australia,Silver Medal
Caspar CORBEAU,M,Swimming,Netherlands,Bronze Medal
Leon MARCHAND,M,Swimming,France,Gold Medal
Kristof MILAK,M,Swimming,Hungary,Silver Medal
Ilya KHARUN,M,Swimming,Canada,Bronze Medal
Sarah SJOESTROEM,W,Swimming,Sweden,Gold Medal
Torri HUSKE,W,Swimming,United States,Silver Medal
HAUGHEY Siobhan Bernadette,W,Swimming,"Hong Kong, China",Bronze Medal
Katie LEDECKY,W,Swimming,United States,Gold Medal
Anastasiia KIRPICHNIKOVA,W,Swimming,France,Silver Medal
Isabel GOSE,W,Swimming,Germany,Bronze Medal
Alex YEE,M,Triathlon,Great Britain,Gold Medal
Hayden WILDE,M,Triathlon,New Zealand,Silver Medal
Leo BERGERE,M,Triathlon,France,Bronze Medal
Cassandre BEAUGRAND,W,Triathlon,France,Gold Medal
Julie DERRON,W,Triathlon,Switzerland,Silver Medal
Beth POTTER,W,Triathlon,Great Britain,Bronze Medal
Simone BILES,W,Artistic Gymnastics,United States,Gold Medal
Rebeca ANDRADE,W,Artistic Gymnastics,Brazil,Silver Medal
Sunisa LEE,W,Artistic Gymnastics,United States,Bronze Medal
Brian Daniel PINTADO,M,Athletics,Ecuador,Gold Medal
Caio BONFIM,M,Athletics,Brazil,Silver Medal
Alvaro MARTIN,M,Athletics,Spain,Bronze Medal
YANG Jiayu,W,Athletics,China,Gold Medal
Maria PEREZ,W,Athletics,Spain,Silver Medal
Jemima MONTAG,W,Athletics,Australia,Bronze Medal
Giovanni de GENNARO,M,Canoe Slalom,Italy,Gold Medal
Titouan CASTRYCK,M,Canoe Slalom,France,Silver Medal
Pau ECHANIZ,M,Canoe Slalom,Spain,Bronze Medal
United States,W,Fencing,United States,Gold Medal
Italy,W,Fencing,Italy,Silver Medal
Japan,W,Fencing,Japan,Bronze Medal
Zelym KOTSOIEV,M,Judo,Azerbaijan,Gold Medal
Ilia SULAMANIDZE,M,Judo,Georgia,Silver Medal
Peter PALTCHIK,M,Judo,Israel,Bronze Medal
Muzaffarbek TUROBOYEV,M,Judo,Uzbekistan,Bronze Medal
Alice BELLANDI,W,Judo,Italy,Gold Medal
Inbar LANIR,W,Judo,Israel,Silver Medal
MA Zhenzhao,W,Judo,China,Bronze Medal
Patricia SAMPAIO,W,Judo,Portugal,Bronze Medal
Romania,M,Rowing,Romania,Gold Medal
Netherlands,M,Rowing,Netherlands,Silver Medal
Ireland,M,Rowing,Ireland,Bronze Medal
United States,M,Rowing,United States,Gold Medal
New Zealand,M,Rowing,New Zealand,Silver Medal
Great Britain,M,Rowing,Great Britain,Bronze Medal
New Zealand,W,Rowing,New Zealand,Gold Medal
Romania,W,Rowing,Romania,Silver Medal
Great Britain,W,Rowing,Great Britain,Bronze Medal
Netherlands,W,Rowing,Netherlands,Gold Medal
Great Britain,W,Rowing,Great Britain,Silver Medal
New Zealand,W,Rowing,New Zealand,Bronze Medal
LIU Yukun,M,Shooting,China,Gold Medal
Serhiy KULISH,M,Shooting,Ukraine,Silver Medal
Swapnil KUSALE,M,Shooting,India,Bronze Medal
Hubert KOS,M,Swimming,Hungary,Gold Medal
Apostolos CHRISTOU,M,Swimming,Greece,Silver Medal
Roman MITYUKOV,M,Swimming,Switzerland,Bronze Medal
Kate DOUGLASS,W,Swimming,United States,Gold Medal
Tatjana SMITH,W,Swimming,South Africa,Silver Medal
Tes SCHOUTEN,W,Swimming,Netherlands,Bronze Medal
Summer McINTOSH,W,Swimming,Canada,Gold Medal
Regan SMITH,W,Swimming,United States,Silver Medal
ZHANG Yufei,W,Swimming,China,Bronze Medal
Australia,W,Swimming,Australia,Gold Medal
United States,W,Swimming,United States,Silver Medal
China,W,Swimming,China,Bronze Medal
Korea,X,Archery,Korea,Gold Medal
Germany,X,Archery,Germany,Silver Medal
United States,X,Archery,United States,Bronze Medal
Joshua CHEPTEGEI,M,Athletics,Uganda,Gold Medal
Berihu AREGAWI,M,Athletics,Ethiopia,Silver Medal
Grant FISHER,M,Athletics,United States,Bronze Medal
ZHENG/HUANG,X,Badminton,China,Gold Medal
KIM/JEONG,X,Badminton,Korea,Silver Medal
WATANABE/HIGASHINO,X,Badminton,Japan,Bronze Medal
Joris DAUDET,M,Cycling BMX Racing,France,Gold Medal
Sylvain ANDRE,M,Cycling BMX Racing,France,Silver Medal
Romain MAHIEU,M,Cycling BMX Racing,France,Bronze Medal
Saya SAKAKIBARA,W,Cycling BMX Racing,Australia,Gold Medal
Manon VEENSTRA,W,Cycling BMX Racing,Netherlands,Silver Medal
Zoe CLAESSENS,W,Cycling BMX Racing,Switzerland,Bronze Medal
China,M,Diving,China,Gold Medal
Mexico,M,Diving,Mexico,Silver Medal
Great Britain,M,Diving,Great Britain,Bronze Medal
Great Britain,O,Equestrian,Great Britain,Gold Medal
United States,O,Equestrian,United States,Silver Medal
France,O,Equestrian,France,Bronze Medal
Hungary,M,Fencing,Hungary,Gold Medal
Japan,M,Fencing,Japan,Silver Medal
Czechia,M,Fencing,Czechia,Bronze Medal
Teddy RINER,M,Judo,France,Gold Medal
KIM Minjong,M,Judo,Korea,Silver Medal
Temur RAKHIMOV,M,Judo,Tajikistan,Bronze Medal
Alisher YUSUPOV,M,Judo,Uzbekistan,Bronze Medal
Beatriz SOUZA,W,Judo,Brazil,Gold Medal
Raz HERSHKO,W,Judo,Israel,Silver Medal
KIM Hayun,W,Judo,Korea,Bronze Medal
Romane DICKO,W,Judo,France,Bronze Medal
Ireland,M,Rowing,Ireland,Gold Medal
Italy,M,Rowing,Italy,Silver Medal
Greece,M,Rowing,Greece,Bronze Medal
Great Britain,W,Rowing,Great Britain,Gold Medal
Romania,W,Rowing,Romania,Silver Medal
Greece,W,Rowing,Greece,Bronze Medal
Croatia,M,Rowing,Croatia,Gold Medal
Great Britain,M,Rowing,Great Britain,Silver Medal
Switzerland,M,Rowing,Switzerland,Bronze Medal
Netherlands,W,Rowing,Netherlands,Gold Medal
Romania,W,Rowing,Romania,Silver Medal
Australia,W,Rowing,Australia,Bronze Medal
BOTIN/TRITTEL,M,Sailing,Spain,Gold Medal
McHARDIE/McKENZIE,M,Sailing,New Zealand,Silver Medal
BARROWS/HENKEN,M,Sailing,United States,Bronze Medal
AANHOLT/DUETZ,W,Sailing,Netherlands,Gold Medal
BOBECK/NETZLER,W,Sailing,Sweden,Silver Medal
STEYAERT/PICON,W,Sailing,France,Bronze Medal
Chiara LEONE,W,Shooting,Switzerland,Gold Medal
Sagen MADDALENA,W,Shooting,United States,Silver Medal
ZHANG Qiongyue,W,Shooting,China,Bronze Medal
Leon MARCHAND,M,Swimming,France,Gold Medal
Duncan SCOTT,M,Swimming,Great Britain,Silver Medal
WANG Shun,M,Swimming,China,Bronze Medal
Cameron McEVOY,M,Swimming,Australia,Gold Medal
Benjamin PROUD,M,Swimming,Great Britain,Silver Medal
Florent MANAUDOU,M,Swimming,France,Bronze Medal
Kaylee McKEOWN,W,Swimming,Australia,Gold Medal
Regan SMITH,W,Swimming,United States,Silver Medal
Kylie MASSE,W,Swimming,Canada,Bronze Medal
SINIAKOVA/MACHAC,X,Tennis,Czechia,Gold Medal
WANG/ZHANG,X,Tennis,China,Silver Medal
DABROWSKI/AUGER-ALIAS,X,Tennis,Canada,Bronze Medal
Iga SWIATEK,W,Tennis,Poland,Bronze Medal
Ivan LITVINOVICH,M,Trampoline Gymnastics,AIN,Gold Medal
WANG Zisai,M,Trampoline Gymnastics,China,Silver Medal
YAN Langyu,M,Trampoline Gymnastics,China,Bronze Medal
Bryony PAGE,W,Trampoline Gymnastics,Great Britain,Gold Medal
Viyaleta BARDZILOUSKAYA,W,Trampoline Gymnastics,AIN,Silver Medal
Sophiane METHOT,W,Trampoline Gymnastics,Canada,Bronze Medal
LIM Sihyeon,W,Archery,Korea,Gold Medal
NAM Suhyeon,W,Archery,Korea,Silver Medal
Lisa BARBELIN,W,Archery,France,Bronze Medal
Carlos Edriel YULO,M,Artistic Gymnastics,Philippines,Gold Medal
Artem DOLGOPYAT,M,Artistic Gymnastics,Israel,Silver Medal
Jake JARMAN,M,Artistic Gymnastics,Great Britain,Bronze Medal
Rhys MC CLENAGHAN,M,Artistic Gymnastics,Ireland,Gold Medal
Nariman KURBANOV,M,Artistic Gymnastics,Kazakhstan,Silver Medal
Stephen NEDOROSCIK,M,Artistic Gymnastics,United States,Bronze Medal
Simone BILES,W,Artistic Gymnastics,United States,Gold Medal
Rebeca ANDRADE,W,Artistic Gymnastics,Brazil,Silver Medal
Jade CAREY,W,Artistic Gymnastics,United States,Bronze Medal
Netherlands,X,Athletics,Netherlands,Gold Medal
United States,X,Athletics,United States,Silver Medal
Great Britain,X,Athletics,Great Britain,Bronze Medal
Markus ROOTH,M,Athletics,Norway,Gold Medal
Leo NEUGEBAUER,M,Athletics,Germany,Silver Medal
Lindon VICTOR,M,Athletics,Grenada,Bronze Medal
Ryan CROUSER,M,Athletics,United States,Gold Medal
Joe KOVACS,M,Athletics,United States,Silver Medal
Rajindra CAMPBELL,M,Athletics,Jamaica,Bronze Medal
Julien ALFRED,W,Athletics,Saint Lucia,Gold Medal
Sha'carri RICHARDSON,W,Athletics,United States,Silver Medal
Melissa JEFFERSON,W,Athletics,United States,Bronze Medal
Thea LAFOND,W,Athletics,Dominica,Gold Medal
Shanieka RICKETTS,W,Athletics,Jamaica,Silver Medal
Jasmine MOORE,W,Athletics,United States,Bronze Medal
CHEN/JIA,W,Badminton,China,Gold Medal
LIU/TAN,W,Badminton,China,Silver Medal
MATSUYAMA/SHIDA,W,Badminton,Japan,Bronze Medal
WU Shih Yi,W,Boxing,Chinese Taipei,Bronze Medal
Beatriz Iasmin SOARES FERREIRA,W,Boxing,Brazil,Bronze Medal
Remco EVENEPOEL,M,Cycling Road,Belgium,Gold Medal
Valentin MADOUAS,M,Cycling Road,France,Silver Medal
Christophe LAPORTE,M,Cycling Road,France,Bronze Medal
Germany,O,Equestrian,Germany,Gold Medal
Denmark,O,Equestrian,Denmark,Silver Medal
Great Britain,O,Equestrian,Great Britain,Bronze Medal
Ukraine,W,Fencing,Ukraine,Gold Medal
Korea,W,Fencing,Korea,Silver Medal
Japan,W,Fencing,Japan,Bronze Medal
France,X,Judo,France,Gold Medal
Japan,X,Judo,Japan,Silver Medal
Brazil,X,Judo,Brazil,Bronze Medal
Korea,X,Judo,Korea,Bronze Medal
Great Britain,M,Rowing,Great Britain,Gold Medal
Netherlands,M,Rowing,Netherlands,Silver Medal
United States,M,Rowing,United States,Bronze Medal
Oliver ZEIDLER,M,Rowing,Germany,Gold Medal
Yauheni ZALATY,M,Rowing,AIN,Silver Medal
Simon van DORP,M,Rowing,Netherlands,Bronze Medal
Romania,W,Rowing,Romania,Gold Medal
Canada,W,Rowing,Canada,Silver Medal
Great Britain,W,Rowing,Great Britain,Bronze Medal
Karolien FLORIJN,W,Rowing,Netherlands,Gold Medal
Emma TWIGG,W,Rowing,New Zealand,Silver Medal
Viktorija SENKUTE,W,Rowing,Lithuania,Bronze Medal
Tom REUVENY,M,Sailing,Israel,Gold Medal
Grae MORRIS,M,Sailing,Australia,Silver Medal
Luuc van OPZEELAND,M,Sailing,Netherlands,Bronze Medal
Marta MAGGETTI,W,Sailing,Italy,Gold Medal
Sharon KANTOR,W,Sailing,Israel,Silver Medal
Emma WILSON,W,Sailing,Great Britain,Bronze Medal
YANG Jiin,W,Shooting,Korea,Gold Medal
Camille JEDRZEJEWSKI,W,Shooting,France,Silver Medal
Veronika MAJOR,W,Shooting,Hungary,Bronze Medal
Vincent HANCOCK,M,Shooting,United States,Gold Medal
Conner Lynn PRINCE,M,Shooting,United States,Silver Medal
LEE Meng Yuan,M,Shooting,Chinese Taipei,Bronze Medal
Kristof MILAK,M,Swimming,Hungary,Gold Medal
Josh LIENDO,M,Swimming,Canada,Silver Medal
Ilya KHARUN,M,Swimming,Canada,Bronze Medal
United States,X,Swimming,United States,Gold Medal
China,X,Swimming,China,Silver Medal
Australia,X,Swimming,Australia,Bronze Medal
Summer McINTOSH,W,Swimming,Canada,Gold Medal
Kate DOUGLASS,W,Swimming,United States,Silver Medal
Kaylee McKEOWN,W,Swimming,Australia,Bronze Medal
Katie LEDECKY,W,Swimming,United States,Gold Medal
Ariarne TITMUS,W,Swimming,Australia,Silver Medal
Paige MADDEN,W,Swimming,United States,Bronze Medal
CHEN Meng,W,Table Tennis,China,Gold Medal
SUN Yingsha,W,Table Tennis,China,Silver Medal
Hina HAYATA,W,Table Tennis,Japan,Bronze Medal
EBDEN/PEERS,M,Tennis,Australia,Gold Medal
KRAJICEK/RAM,M,Tennis,United States,Silver Medal
FRITZ/PAUL,M,Tennis,United States,Bronze Medal
Lorenzo MUSETTI,M,Tennis,Italy,Bronze Medal
ZHENG Qinwen,W,Tennis,China,Gold Medal
Donna VEKIC,W,Tennis,Croatia,Silver Medal
KIM Woojin,M,Archery,Korea,Gold Medal
Brady ELLISON,M,Archery,United States,Silver Medal
LEE Wooseok,M,Archery,Korea,Bronze Medal
LIU Yang,M,Artistic Gymnastics,China,Gold Medal
ZOU Jingyuan,M,Artistic Gymnastics,China,Silver Medal
Eleftherios PETROUNIAS,M,Artistic Gymnastics,Greece,Bronze Medal
Carlos Edriel YULO,M,Artistic Gymnastics,Philippines,Gold Medal
Artur DAVTYAN,M,Artistic Gymnastics,Armenia,Silver Medal
Harry HEPWORTH,M,Artistic Gymnastics,Great Britain,Bronze Medal
Kaylia NEMOUR,W,Artistic Gymnastics,Algeria,Gold Medal
QIU Qiyuan,W,Artistic Gymnastics,China,Silver Medal
Sunisa LEE,W,Artistic Gymnastics,United States,Bronze Medal
Noah LYLES,M,Athletics,United States,Gold Medal
Kishane THOMPSON,M,Athletics,Jamaica,Silver Medal
Fred KERLEY,M,Athletics,United States,Bronze Medal
Ethan KATZBERG,M,Athletics,Canada,Gold Medal
Bence HALASZ,M,Athletics,Hungary,Silver Medal
Mykhaylo KOKHAN,M,Athletics,Ukraine,Bronze Medal
Yaroslava MAHUCHIKH,W,Athletics,Ukraine,Gold Medal
Nicola OLYSLAGERS,W,Athletics,Australia,Silver Medal
Iryna GERASHCHENKO,W,Athletics,Ukraine,Bronze Medal
Eleanor PATTERSON,W,Athletics,Australia,Bronze Medal
LEE/WANG,M,Badminton,Chinese Taipei,Gold Medal
LIANG/WANG,M,Badminton,China,Silver Medal
CHIA/SOH,M,Badminton,Malaysia,Bronze Medal
Gregoria Mariska TUNJUNG,W,Badminton,Indonesia,Bronze Medal
Yunior ALCANTARA REYES,M,Boxing,Dominican Republic,Bronze Medal
David de PINA,M,Boxing,Cabo Verde,Bronze Medal
Wyatt SANFORD,M,Boxing,Canada,Bronze Medal
Lasha GURULI,M,Boxing,Georgia,Bronze Medal
Cristian Javier PINALES,M,Boxing,Dominican Republic,Bronze Medal
Arlen LOPEZ CARDONA,M,Boxing,Cuba,Bronze Medal
Enmanuel REYES PLA,M,Boxing,Spain,Bronze Medal
Davlat BOLTAEV,M,Boxing,Tajikistan,Bronze Medal
PANG Cholmi,W,Boxing,DPR Korea,Bronze Medal
IM Aeji,W,Boxing,Korea,Bronze Medal
Kristen FAULKNER,W,Cycling Road,United States,Gold Medal
Marianne VOS,W,Cycling Road,Netherlands,Silver Medal
Lotte KOPECKY,W,Cycling Road,Belgium,Bronze Medal
Jessica von BREDOW-WERNDL,O,Equestrian,Germany,Gold Medal
Isabell WERTH,O,Equestrian,Germany,Silver Medal
Charlotte FRY,O,Equestrian,Great Britain,Bronze Medal
Japan,M,Fencing,Japan,Gold Medal
Italy,M,Fencing,Italy,Silver Medal
France,M,Fencing,France,Bronze Medal
Scottie SCHEFFLER,M,Golf,United States,Gold Medal
Tommy FLEETWOOD,M,Golf,Great Britain,Silver Medal
MATSUYAMA Hideki,M,Golf,Japan,Bronze Medal
Francisca CROVETTO CHADID,W,Shooting,Chile,Gold Medal
Amber Jo RUTTER,W,Shooting,Great Britain,Silver Medal
Austen Jewell SMITH,W,Shooting,United States,Bronze Medal
Bobby FINKE,M,Swimming,United States,Gold Medal
Gregorio PALTRINIERI,M,Swimming,Italy,Silver Medal
Daniel WIFFEN,M,Swimming,Ireland,Bronze Medal
China,M,Swimming,China,Gold Medal
United States,M,Swimming,United States,Silver Medal
France,M,Swimming,France,Bronze Medal
United States,W,Swimming,United States,Gold Medal
Australia,W,Swimming,Australia,Silver Medal
China,W,Swimming,China,Bronze Medal
Sarah SJOESTROEM,W,Swimming,Sweden,Gold Medal
Meg HARRIS,W,Swimming,Australia,Silver Medal
ZHANG Yufei,W,Swimming,China,Bronze Medal
FAN Zhendong,M,Table Tennis,China,Gold Medal
Truls MOREGARD,M,Table Tennis,Sweden,Silver Medal
Felix LEBRUN,M,Table Tennis,France,Bronze Medal
Novak DJOKOVIC,M,Tennis,Serbia,Gold Medal
Carlos ALCARAZ,M,Tennis,Spain,Silver Medal
ERRANI/PAOLINI,W,Tennis,Italy,Gold Medal
ANDREEVA/SHNAIDER,W,Tennis,AIN,Silver Medal
BUCSA/SORRIBES TORMO,W,Tennis,Spain,Bronze Medal
Netherlands,M,3x3 Basketball,Netherlands,Gold Medal
France,M,3x3 Basketball,France,Silver Medal
Lithuania,M,3x3 Basketball,Lithuania,Bronze Medal
Germany,W,3x3 Basketball,Germany,Gold Medal
Spain,W,3x3 Basketball,Spain,Silver Medal
United States,W,3x3 Basketball,United States,Bronze Medal
OKA Shinnosuke,M,Artistic Gymnastics,Japan,Gold Medal
Angel BARAJAS,M,Artistic Gymnastics,Colombia,Silver Medal
ZHANG Boheng,M,Artistic Gymnastics,China,Bronze Medal
TANG Chia-Hung,M,Artistic Gymnastics,Chinese Taipei,Bronze Medal
ZOU Jingyuan,M,Artistic Gymnastics,China,Gold Medal
Illia KOVTUN,M,Artistic Gymnastics,Ukraine,Silver Medal
OKA Shinnosuke,M,Artistic Gymnastics,Japan,Bronze Medal
Alice D'AMATO,W,Artistic Gymnastics,Italy,Gold Medal
ZHOU Yaqin,W,Artistic Gymnastics,China,Silver Medal
Manila ESPOSITO,W,Artistic Gymnastics,Italy,Bronze Medal
Rebeca ANDRADE,W,Artistic Gymnastics,Brazil,Gold Medal
Simone BILES,W,Artistic Gymnastics,United States,Silver Medal
Ana BARBOSU,W,Artistic Gymnastics,Romania,Bronze Medal
Armand DUPLANTIS,M,Athletics,Sweden,Gold Medal
Sam KENDRICKS,M,Athletics,United States,Silver Medal
Emmanouil KARALIS,M,Athletics,Greece,Bronze Medal
Beatrice CHEBET,W,Athletics,Kenya,Gold Medal
Faith KIPYEGON,W,Athletics,Kenya,Silver Medal
Sifan HASSAN,W,Athletics,Netherlands,Bronze Medal
Keely HODGKINSON,W,Athletics,Great Britain,Gold Medal
Tsige DUGUMA,W,Athletics,Ethiopia,Silver Medal
Mary MORAA,W,Athletics,Kenya,Bronze Medal
Valarie ALLMAN,W,Athletics,United States,Gold Medal
FENG Bin,W,Athletics,China,Silver Medal
Sandra ELKASEVIC,W,Athletics,Croatia,Bronze Medal
Viktor AXELSEN,M,Badminton,Denmark,Gold Medal
Kunlavut VITIDSARN,M,Badminton,Thailand,Silver Medal
Zii Jia LEE,M,Badminton,Malaysia,Bronze Medal
AN Se Young,W,Badminton,Korea,Gold Medal
HE Bing Jiao,W,Badminton,China,Silver Medal
Finn BUTCHER,M,Canoe Slalom,New Zealand,Gold Medal
Joseph CLARKE,M,Canoe Slalom,Great Britain,Silver Medal
Noah HEGGE,M,Canoe Slalom,Germany,Bronze Medal
Noemie FOX,W,Canoe Slalom,Australia,Gold Medal
Angele HUG,W,Canoe Slalom,France,Silver Medal
Kimberley WOODS,W,Canoe Slalom,Great Britain,Bronze Medal
Great Britain,W,Cycling Track,Great Britain,Gold Medal
New Zealand,W,Cycling Track,New Zealand,Silver Medal
Germany,W,Cycling Track,Germany,Bronze Medal
LI Yuehong,M,Shooting,China,Gold Medal
CHO Yeongjae,M,Shooting,Korea,Silver Medal
WANG Xinjie,M,Shooting,China,Bronze Medal
Italy 1,X,Shooting,Italy,Gold Medal
United States 1,X,Shooting,United States,Silver Medal
China,X,Shooting,China,Bronze Medal
Kauli VAAST,M,Surfing,France,Gold Medal
Jack ROBINSON,M,Surfing,Australia,Silver Medal
Gabriel MEDINA,M,Surfing,Brazil,Bronze Medal
Caroline MARKS,W,Surfing,United States,Gold Medal
Tatiana WESTON-WEBB,W,Surfing,Brazil,Silver Medal
Johanne DEFAY,W,Surfing,France,Bronze Medal
Germany,X,Triathlon,Germany,Gold Medal
United States,X,Triathlon,United States,Silver Medal
Great Britain,X,Triathlon,Great Britain,Bronze Medal
Cole HOCKER,M,Athletics,United States,Gold Medal
Josh KERR,M,Athletics,Great Britain,Silver Medal
Yared NUGUSE,M,Athletics,United States,Bronze Medal
Miltiadis TENTOGLOU,M,Athletics,Greece,Gold Medal
Wayne PINNOCK,M,Athletics,Jamaica,Silver Medal
Mattia FURLANI,M,Athletics,Italy,Bronze Medal
Gabrielle THOMAS,W,Athletics,United States,Gold Medal
Julien ALFRED,W,Athletics,Saint Lucia,Silver Medal
Brittany BROWN,W,Athletics,United States,Bronze Medal
Winfred YAVI,W,Athletics,Bahrain,Gold Medal
Peruth CHEMUTAI,W,Athletics,Uganda,Silver Medal
Faith CHEROTICH,W,Athletics,Kenya,Bronze Medal
Camryn ROGERS,W,Athletics,Canada,Gold Medal
Annette Nneka ECHIKUNWOKE,W,Athletics,United States,Silver Medal
ZHAO Jie,W,Athletics,China,Bronze Medal
Omari JONES,M,Boxing,United States,Bronze Medal
Lewis RICHARDSON,M,Boxing,Great Britain,Bronze Medal
Nazym KYZAIBAY,W,Boxing,Kazakhstan,Bronze Medal
Aira VILLEGAS,W,Boxing,Philippines,Bronze Medal
Kellie HARRINGTON,W,Boxing,Ireland,Gold Medal
YANG Wenlu,W,Boxing,China,Silver Medal
Janjaem SUWANNAPHENG,W,Boxing,Thailand,Bronze Medal
CHEN Nien Chin,W,Boxing,Chinese Taipei,Bronze Medal
Netherlands,M,Cycling Track,Netherlands,Gold Medal
Great Britain,M,Cycling Track,Great Britain,Silver Medal
Australia,M,Cycling Track,Australia,Bronze Medal
QUAN Hongchan,W,Diving,China,Gold Medal
CHEN Yuxi,W,Diving,China,Silver Medal
KIM Mi Rae,W,Diving,DPR Korea,Bronze Medal
Christian KUKUK,O,Equestrian,Germany,Gold Medal
Steve GUERDAT,O,Equestrian,Switzerland,Silver Medal
Maikel van der VLEUTEN,O,Equestrian,Netherlands,Bronze Medal
Arisa TREW,W,Skateboarding,Australia,Gold Medal
HIRAKI Cocona,W,Skateboarding,Japan,Silver Medal
Sky BROWN,W,Skateboarding,Great Britain,Bronze Medal
Mijain LOPEZ NUNEZ,M,Wrestling,Cuba,Gold Medal
Yasmani ACOSTA FERNANDEZ,M,Wrestling,Chile,Silver Medal
Amin MIRZAZADEH,M,Wrestling,IR Iran,Bronze Medal
MENG Lingzhe,M,Wrestling,China,Bronze Medal
FUMITA Kenichiro,M,Wrestling,Japan,Gold Medal
CAO Liguo,M,Wrestling,China,Silver Medal
Zholaman SHARSHENBEKOV,M,Wrestling,Kyrgyzstan,Bronze Medal
RI Se Ung,M,Wrestling,DPR Korea,Bronze Medal
Amit ELOR,W,Wrestling,United States,Gold Medal
Meerim ZHUMANAZAROVA,W,Wrestling,Kyrgyzstan,Silver Medal
Buse CAVUSOGLU TOSUN,W,Wrestling,Türkiye,Bronze Medal
OZAKI Nonoka,W,Wrestling,Japan,Bronze Medal
China,O,Artistic Swimming,China,Gold Medal
United States,O,Artistic Swimming,United States,Silver Medal
Spain,O,Artistic Swimming,Spain,Bronze Medal
MARTIN A/PEREZ M,X,Athletics,Spain,Gold Medal
PINTADO B/MOREJON G,X,Athletics,Ecuador,Silver Medal
COWLEY R/MONTAG J,X,Athletics,Australia,Bronze Medal
Soufiane EL BAKKALI,M,Athletics,Morocco,Gold Medal
Kenneth ROOKS,M,Athletics,United States,Silver Medal
Abraham KIBIWOT,M,Athletics,Kenya,Bronze Medal
Quincy HALL,M,Athletics,United States,Gold Medal
Matthew HUDSON-SMITH,M,Athletics,Great Britain,Silver Medal
Muzala SAMUKONGA,M,Athletics,Zambia,Bronze Medal
Roje STONA,M,Athletics,Jamaica,Gold Medal
Mykolas ALEKNA,M,Athletics,Lithuania,Silver Medal
Matthew DENNY,M,Athletics,Australia,Bronze Medal
Nina KENNEDY,W,Athletics,Australia,Gold Medal
Katie MOON,W,Athletics,United States,Silver Medal
Alysha NEWMAN,W,Athletics,Canada,Bronze Medal
Nelvie Raman TIAFACK,M,Boxing,Germany,Bronze Medal
Djamili-Dini ABOUDOU MOINDZE,M,Boxing,France,Bronze Medal
Erislandy ALVAREZ BORGES,M,Boxing,Cuba,Gold Medal
Sofiane OUMIHA,M,Boxing,France,Silver Medal
Oleksandr KHYZHNIAK,M,Boxing,Ukraine,Gold Medal
Nurbek ORALBAY,M,Boxing,Kazakhstan,Silver Medal
Esra YILDIZ KAHRAMAN,W,Boxing,Türkiye,Bronze Medal
Nesthy PETECIO,W,Boxing,Philippines,Bronze Medal
Australia,M,Cycling Track,Australia,Gold Medal
Great Britain,M,Cycling Track,Great Britain,Silver Medal
Italy,M,Cycling Track,Italy,Bronze Medal
United States,W,Cycling Track,United States,Gold Medal
New Zealand,W,Cycling Track,New Zealand,Silver Medal
Great Britain,W,Cycling Track,Great Britain,Bronze Medal
Matt WEARN,M,Sailing,Australia,Gold Medal
Pavlos KONTIDES,M,Sailing,Cyprus,Silver Medal
Stefano PESCHIERA,M,Sailing,Peru,Bronze Medal
Marit BOUWMEESTER,W,Sailing,Netherlands,Gold Medal
Anne-Marie RINDOM,W,Sailing,Denmark,Silver Medal
Line Flem HOEST,W,Sailing,Norway,Bronze Medal
Keegan PALMER,M,Skateboarding,Australia,Gold Medal
Tom SCHAAR,M,Skateboarding,United States,Silver Medal
Augusto AKIO,M,Skateboarding,Brazil,Bronze Medal
Aleksandra MIROSLAW,W,Sport Climbing,Poland,Gold Medal
DENG Lijuan,W,Sport Climbing,China,Silver Medal
Aleksandra KALUCKA,W,Sport Climbing,Poland,Bronze Medal
PARK Taejoon,M,Taekwondo,Korea,Gold Medal
Gashim MAGOMEDOV,M,Taekwondo,Azerbaijan,Silver Medal
Cyrian RAVET,M,Taekwondo,France,Bronze Medal
Mohamed Khalil JENDOUBI,M,Taekwondo,Tunisia,Bronze Medal
Panipak WONGPATTANAKIT,W,Taekwondo,Thailand,Gold Medal
GUO Qing,W,Taekwondo,China,Silver Medal
Mobina NEMATZADEH,W,Taekwondo,IR Iran,Bronze Medal
Lena STOJKOVIC,W,Taekwondo,Croatia,Bronze Medal
LI Fabin,M,Weightlifting,China,Gold Medal
Theerapong SILACHAI,M,Weightlifting,Thailand,Silver Medal
Hampton MORRIS,M,Weightlifting,United States,Bronze Medal
HOU Zhihui,W,Weightlifting,China,Gold Medal
Mihaela Valentina CAMBEI,W,Weightlifting,Romania,Silver Medal
Surodchana KHAMBAO,W,Weightlifting,Thailand,Bronze Medal
KUSAKA Nao,M,Wrestling,Japan,Gold Medal
Demeu ZHADRAYEV,M,Wrestling,Kazakhstan,Silver Medal
Malkhas AMOYAN,M,Wrestling,Armenia,Bronze Medal
Akzhol MAKHMUDOV,M,Wrestling,Kyrgyzstan,Bronze Medal
Mohammadhadi SARAVI,M,Wrestling,IR Iran,Gold Medal
Artur ALEKSANYAN,M,Wrestling,Armenia,Silver Medal
Gabriel Alejandro ROSILLO KINDELAN,M,Wrestling,Cuba,Bronze Medal
Uzur DZHUZUPBEKOV,M,Wrestling,Kyrgyzstan,Bronze Medal
Sarah Ann HILDEBRANDT,W,Wrestling,United States,Gold Medal
Yusneylis GUZMAN LOPEZ,W,Wrestling,Cuba,Silver Medal
SUSAKI Yui,W,Wrestling,Japan,Bronze Medal
FENG Ziqi,W,Wrestling,China,Bronze Medal
Grant HOLLOWAY,M,Athletics,United States,Gold Medal
Daniel ROBERTS,M,Athletics,United States,Silver Medal
Rasheed BROADBELL,M,Athletics,Jamaica,Bronze Medal
Letsile TEBOGO,M,Athletics,Botswana,Gold Medal
Kenneth BEDNAREK,M,Athletics,United States,Silver Medal
Noah LYLES,M,Athletics,United States,Bronze Medal
Arshad NADEEM,M,Athletics,Pakistan,Gold Medal
Neeraj CHOPRA,M,Athletics,India,Silver Medal
Anderson PETERS,M,Athletics,Grenada,Bronze Medal
Sydney McLAUGHLIN-LEVRONE,W,Athletics,United States,Gold Medal
Anna COCKRELL,W,Athletics,United States,Silver Medal
Femke BOL,W,Athletics,Netherlands,Bronze Medal
Tara DAVIS-WOODHALL,W,Athletics,United States,Gold Medal
Malaika MIHAMBO,W,Athletics,Germany,Silver Medal
Jasmine MOORE,W,Athletics,United States,Bronze Medal
Hasanboy DUSMATOV,M,Boxing,Uzbekistan,Gold Medal
Billal BENNAMA,M,Boxing,France,Silver Medal
Charlie SENIOR,M,Boxing,Australia,Bronze Medal
Javier IBANEZ DIAZ,M,Boxing,Bulgaria,Bronze Medal
CHANG Yuan,W,Boxing,China,Gold Medal
Hatice AKBAS,W,Boxing,Türkiye,Silver Medal
Caitlin PARKER,W,Boxing,Australia,Bronze Medal
Cindy Winner DJANKEU NGAMBA,W,Boxing,EOR,Bronze Medal
LIU/JI,M,Canoe Sprint,China,Gold Medal
CASADEI/TACCHINI,M,Canoe Sprint,Italy,Silver Medal
MORENO/DOMINGUEZ,M,Canoe Sprint,Spain,Bronze Medal
Germany,M,Canoe Sprint,Germany,Gold Medal
Australia,M,Canoe Sprint,Australia,Silver Medal
Spain,M,Canoe Sprint,Spain,Bronze Medal
New Zealand,W,Canoe Sprint,New Zealand,Gold Medal
Germany,W,Canoe Sprint,Germany,Silver Medal
Hungary,W,Canoe Sprint,Hungary,Bronze Medal
Benjamin THOMAS,M,Cycling Track,France,Gold Medal
Iuri LEITAO,M,Cycling Track,Portugal,Silver Medal
Fabio van den BOSSCHE,M,Cycling Track,Belgium,Bronze Medal
Ellesse ANDREWS,W,Cycling Track,New Zealand,Gold Medal
Hetty van de WOUW,W,Cycling Track,Netherlands,Silver Medal
Emma FINUCANE,W,Cycling Track,Great Britain,Bronze Medal
XIE Siyi,M,Diving,China,Gold Medal
WANG Zongyuan,M,Diving,China,Silver Medal
Osmar OLVERA IBARRA,M,Diving,Mexico,Bronze Medal
Morocco,M,Football,Morocco,Bronze Medal
Netherlands,M,Hockey,Netherlands,Gold Medal
Germany,M,Hockey,Germany,Silver Medal
India,M,Hockey,India,Bronze Medal
Sharon van ROUWENDAAL,W,Marathon Swimming,Netherlands,Gold Medal
Moesha JOHNSON,W,Marathon Swimming,Australia,Silver Medal
Ginevra TADDEUCCI,W,Marathon Swimming,Italy,Bronze Medal
VADLAU/MAEHR,X,Sailing,Austria,Gold Medal
OKADA/YOSHIOKA,X,Sailing,Japan,Silver Medal
DAHLBERG/KARLSSON,X,Sailing,Sweden,Bronze Medal
TITA/BANTI,X,Sailing,Italy,Gold Medal
MAJDALANI/BOSCO,X,Sailing,Argentina,Silver Medal
WILKINSON/DAWSON,X,Sailing,New Zealand,Bronze Medal
Eleanor ALDRIDGE,W,Sailing,Great Britain,Gold Medal
Lauriane NOLOT,W,Sailing,France,Silver Medal
Annelous LAMMERTS,W,Sailing,Netherlands,Bronze Medal
Veddriq LEONARDO,M,Sport Climbing,Indonesia,Gold Medal
WU Peng,M,Sport Climbing,China,Silver Medal
Sam WATSON,M,Sport Climbing,United States,Bronze Medal
Ulugbek RASHITOV,M,Taekwondo,Uzbekistan,Gold Medal
Zaid KAREEM,M,Taekwondo,Jordan,Silver Medal
LIANG Yushuai,M,Taekwondo,China,Bronze Medal
Edival PONTES,M,Taekwondo,Brazil,Bronze Medal
KIM Yujin,W,Taekwondo,Korea,Gold Medal
Nahid KIYANICHANDEH,W,Taekwondo,IR Iran,Silver Medal
Skylar PARK,W,Taekwondo,Canada,Bronze Medal
Alizadeh KIMIA,W,Taekwondo,Bulgaria,Bronze Medal
Rizki JUNIANSYAH,M,Weightlifting,Indonesia,Gold Medal
Weeraphon WICHUMA,M,Weightlifting,Thailand,Silver Medal
Bozhidar Dimitrov ANDREEV,M,Weightlifting,Bulgaria,Bronze Medal
LUO Shifang,W,Weightlifting,China,Gold Medal
Maude CHARRON,W,Weightlifting,Canada,Silver Medal
KUO Hsing-Chun,W,Weightlifting,Chinese Taipei,Bronze Medal
Saeid ESMAEILI LEIVESI,M,Wrestling,IR Iran,Gold Medal
Parviz NASIBOV,M,Wrestling,Ukraine,Silver Medal
Hasrat JAFAROV,M,Wrestling,Azerbaijan,Bronze Medal
Luis Alberto ORTA SANCHEZ,M,Wrestling,Cuba,Bronze Medal
Semen Sergeevich NOVIKOV,M,Wrestling,Bulgaria,Gold Medal
Alireza MOHMADIPIANI,M,Wrestling,IR Iran,Silver Medal
Zhan BELENIUK,M,Wrestling,Ukraine,Bronze Medal
Turpal Ali BISULTANOV,M,Wrestling,Denmark,Bronze Medal
FUJINAMI Akari,W,Wrestling,Japan,Gold Medal
Lucia Yamileth YEPEZ GUZMAN,W,Wrestling,Ecuador,Silver Medal
CHOE Hyo Gyong,W,Wrestling,DPR Korea,Bronze Medal
PANG Qianyu,W,Wrestling,China,Bronze Medal
Canada,M,Athletics,Canada,Gold Medal
South Africa,M,Athletics,South Africa,Silver Medal
Great Britain,M,Athletics,Great Britain,Bronze Medal
Rai BENJAMIN,M,Athletics,United States,Gold Medal
Karsten WARHOLM,M,Athletics,Norway,Silver Medal
Alison dos SANTOS,M,Athletics,Brazil,Bronze Medal
Jordan Alejandro DIAZ FORTUN,M,Athletics,Spain,Gold Medal
Pedro PICHARDO,M,Athletics,Portugal,Silver Medal
Andy DIAZ HERNANDEZ,M,Athletics,Italy,Bronze Medal
Beatrice CHEBET,W,Athletics,Kenya,Gold Medal
Nadia BATTOCLETTI,W,Athletics,Italy,Silver Medal
Sifan HASSAN,W,Athletics,Netherlands,Bronze Medal
United States,W,Athletics,United States,Gold Medal
Great Britain,W,Athletics,Great Britain,Silver Medal
Germany,W,Athletics,Germany,Bronze Medal
Marileidy PAULINO,W,Athletics,Dominican Republic,Gold Medal
Salwa Eid NASER,W,Athletics,Bahrain,Silver Medal
Natalia KACZMAREK,W,Athletics,Poland,Bronze Medal
Yemisi OGUNLEYE,W,Athletics,Germany,Gold Medal
Maddison-Lee WESCHE,W,Athletics,New Zealand,Silver Medal
SONG Jiayuan,W,Athletics,China,Bronze Medal
ANA PATRICIA/DUDA,W,Beach Volleyball,Brazil,Gold Medal
MELISSA/BRANDIE,W,Beach Volleyball,Canada,Silver Medal
HUBERLI/BRUNNER,W,Beach Volleyball,Switzerland,Bronze Medal
Asadkhuja MUYDINKHUJAEV,M,Boxing,Uzbekistan,Gold Medal
Marco Alonso VERDE ALVAREZ,M,Boxing,Mexico,Silver Medal
Lazizbek MULLOJONOV,M,Boxing,Uzbekistan,Gold Medal
Loren Berto ALFONSO DOMINGUEZ,M,Boxing,Azerbaijan,Silver Medal
WU Yu,W,Boxing,China,Gold Medal
Buse Naz CAKIROGLU,W,Boxing,Türkiye,Silver Medal
Imane KHELIF,W,Boxing,Algeria,Gold Medal
YANG Liu,W,Boxing,China,Silver Medal
AMI,W,Breaking,Japan,Gold Medal
NICKA,W,Breaking,Lithuania,Silver Medal
671,W,Breaking,China,Bronze Medal
Martin FUKSA,M,Canoe Sprint,Czechia,Gold Medal
Isaquias QUEIROZ,M,Canoe Sprint,Brazil,Silver Medal
Serghei TARNOVSCHI,M,Canoe Sprint,Republic of Moldova,Bronze Medal
SCHOPF/LEMKE,M,Canoe Sprint,Germany,Gold Medal
NADAS/TOTKA,M,Canoe Sprint,Hungary,Silver Medal
van der WE/GREEN,M,Canoe Sprint,Australia,Bronze Medal
XU/SUN,W,Canoe Sprint,China,Gold Medal
LUZAN/RYBACHOK,W,Canoe Sprint,Ukraine,Silver Medal
MACKENZIE/VINCENT,W,Canoe Sprint,Canada,Bronze Medal
CARRINGTON/HOSKIN,W,Canoe Sprint,New Zealand,Gold Medal
CSIPES/GAZSO,W,Canoe Sprint,Hungary,Silver Medal
PASZEK/HAKE,W,Canoe Sprint,Germany,Bronze Medal
PUPP/FOJT,W,Canoe Sprint,Hungary,Bronze Medal
Harrie LAVREYSEN,M,Cycling Track,Netherlands,Gold Medal
Matthew RICHARDSON,M,Cycling Track,Australia,Silver Medal
Jack CARLIN,M,Cycling Track,Great Britain,Bronze Medal
Italy,W,Cycling Track,Italy,Gold Medal
Great Britain,W,Cycling Track,Great Britain,Silver Medal
Netherlands,W,Cycling Track,Netherlands,Bronze Medal
CHEN Yiwen,W,Diving,China,Gold Medal
Maddison KEENEY,W,Diving,Australia,Silver Medal
CHANG Yani,W,Diving,China,Bronze Medal
Spain,M,Football,Spain,Gold Medal
France,M,Football,France,Silver Medal
Germany,W,Football,Germany,Bronze Medal
Netherlands,W,Hockey,Netherlands,Gold Medal
China,W,Hockey,China,Silver Medal
Argentina,W,Hockey,Argentina,Bronze Medal
Kristof RASOVSZKY,M,Marathon Swimming,Hungary,Gold Medal
Oliver KLEMET,M,Marathon Swimming,Germany,Silver Medal
David BETLEHEM,M,Marathon Swimming,Hungary,Bronze Medal
Valentin BONTUS,M,Sailing,Austria,Gold Medal
Toni VODISEK,M,Sailing,Slovenia,Silver Medal
Maximilian MAEDER,M,Sailing,Singapore,Bronze Medal
Toby ROBERTS,M,Sport Climbing,Great Britain,Gold Medal
ANRAKU Sorato,M,Sport Climbing,Japan,Silver Medal
Jakob SCHUBERT,M,Sport Climbing,Austria,Bronze Medal
China,M,Table Tennis,China,Gold Medal
Sweden,M,Table Tennis,Sweden,Silver Medal
France,M,Table Tennis,France,Bronze Medal
Firas KATOUSSI,M,Taekwondo,Tunisia,Gold Medal
Mehran BARKHORDARI,M,Taekwondo,IR Iran,Silver Medal
Simone ALESSIO,M,Taekwondo,Italy,Bronze Medal
Edi HRNIC,M,Taekwondo,Denmark,Bronze Medal
Viviana MARTON,W,Taekwondo,Hungary,Gold Medal
Aleksandra PERISIC,W,Taekwondo,Serbia,Silver Medal
Kristina TEACHOUT,W,Taekwondo,United States,Bronze Medal
Sarah CHAARI,W,Taekwondo,Belgium,Bronze Medal
United States,M,Volleyball,United States,Bronze Medal
Karlos May NASAR,M,Weightlifting,Bulgaria,Gold Medal
Yeison LOPEZ,M,Weightlifting,Colombia,Silver Medal
Antonino PIZZOLATO,M,Weightlifting,Italy,Bronze Medal
Olivia REEVES,W,Weightlifting,United States,Gold Medal
Mari Leivis SANCHEZ,W,Weightlifting,Colombia,Silver Medal
Angie Paola PALACIOS DAJOMES,W,Weightlifting,Ecuador,Bronze Medal
HIGUCHI Rei,M,Wrestling,Japan,Gold Medal
Spencer Richard LEE,M,Wrestling,United States,Silver Medal
Aman AMAN,M,Wrestling,India,Bronze Medal
Gulomjon ABDULLAEV,M,Wrestling,Uzbekistan,Bronze Medal
Magomed Eldarovitch RAMAZANOV,M,Wrestling,Bulgaria,Gold Medal
Hassan YAZDANICHARATI,M,Wrestling,IR Iran,Silver Medal
Aaron Marquel BROOKS,M,Wrestling,United States,Bronze Medal
Dauren KURUGLIEV,M,Wrestling,Greece,Bronze Medal
SAKURAI Tsugumi,W,Wrestling,Japan,Gold Medal
Anastasia NICHITA,W,Wrestling,Republic of Moldova,Silver Medal
Helen Louise MAROULIS,W,Wrestling,United States,Bronze Medal
HONG Kexin,W,Wrestling,China,Bronze Medal
China,W,Artistic Swimming,China,Gold Medal
Great Britain,W,Artistic Swimming,Great Britain,Silver Medal
Netherlands,W,Artistic Swimming,Netherlands,Bronze Medal
United States,M,Athletics,United States,Gold Medal
Botswana,M,Athletics,Botswana,Silver Medal
Great Britain,M,Athletics,Great Britain,Bronze Medal
Jakob INGEBRIGTSEN,M,Athletics,Norway,Gold Medal
Ronald KWEMOI,M,Athletics,Kenya,Silver Medal
Grant FISHER,M,Athletics,United States,Bronze Medal
Emmanuel WANYONYI,M,Athletics,Kenya,Gold Medal
Marco AROP,M,Athletics,Canada,Silver Medal
Djamel SEDJATI,M,Athletics,Algeria,Bronze Medal
Hamish KERR,M,Athletics,New Zealand,Gold Medal
Shelby McEWEN,M,Athletics,United States,Silver Medal
Mutaz Essa BARSHIM,M,Athletics,Qatar,Bronze Medal
Tamirat TOLA,M,Athletics,Ethiopia,Gold Medal
Bashir ABDI,M,Athletics,Belgium,Silver Medal
Benson KIPRUTO,M,Athletics,Kenya,Bronze Medal
Masai RUSSELL,W,Athletics,United States,Gold Medal
Cyrena SAMBA-MAYELA,W,Athletics,France,Silver Medal
Jasmine CAMACHO-QUINN,W,Athletics,Puerto Rico,Bronze Medal
Faith KIPYEGON,W,Athletics,Kenya,Gold Medal
Jessica HULL,W,Athletics,Australia,Silver Medal
Georgia BELL,W,Athletics,Great Britain,Bronze Medal
United States,W,Athletics,United States,Gold Medal
Netherlands,W,Athletics,Netherlands,Silver Medal
Great Britain,W,Athletics,Great Britain,Bronze Medal
KITAGUCHI Haruka,W,Athletics,Japan,Gold Medal
Jo-Ane van DYK,W,Athletics,South Africa,Silver Medal
Nikola OGRODNIKOVA,W,Athletics,Czechia,Bronze Medal
United States,M,Basketball,United States,Gold Medal
France,M,Basketball,France,Silver Medal
Serbia,M,Basketball,Serbia,Bronze Medal
AHMAN/HELLVIG,M,Beach Volleyball,Sweden,Gold Medal
EHLERS/WICKLER,M,Beach Volleyball,Germany,Silver Medal
MOL/SORUM,M,Beach Volleyball,Norway,Bronze Medal
Bakhodir JALOLOV,M,Boxing,Uzbekistan,Gold Medal
Ayoub GHADFA DRISSI EL AISSAOUI,M,Boxing,Spain,Silver Medal
Abdumalik KHALOKOV,M,Boxing,Uzbekistan,Gold Medal
Munarbek SEIITBEK UULU,M,Boxing,Kyrgyzstan,Silver Medal
LIN Yu Ting,W,Boxing,Chinese Taipei,Gold Medal
Julia SZEREMETA,W,Boxing,Poland,Silver Medal
LI Qian,W,Boxing,China,Gold Medal
Atheyna Bibeichi BYLON,W,Boxing,Panama,Silver Medal
PHIL WIZARD,M,Breaking,Canada,Gold Medal
DANY DANN,M,Breaking,France,Silver Medal
VICTOR,M,Breaking,United States,Bronze Medal
Josef DOSTAL,M,Canoe Sprint,Czechia,Gold Medal
Adam VARGA,M,Canoe Sprint,Hungary,Silver Medal
Balint KOPASZ,M,Canoe Sprint,Hungary,Bronze Medal
Katie VINCENT,W,Canoe Sprint,Canada,Gold Medal
Nevin HARRISON,W,Canoe Sprint,United States,Silver Medal
Yarisleidis CIRILO DUBOYS,W,Canoe Sprint,Cuba,Bronze Medal
Lisa CARRINGTON,W,Canoe Sprint,New Zealand,Gold Medal
Tamara CSIPES,W,Canoe Sprint,Hungary,Silver Medal
Emma Aastrand JORGENSEN,W,Canoe Sprint,Denmark,Bronze Medal
Portugal,M,Cycling Track,Portugal,Gold Medal
Italy,M,Cycling Track,Italy,Silver Medal
Denmark,M,Cycling Track,Denmark,Bronze Medal
CAO Yuan,M,Diving,China,Gold Medal
TAMAI Rikuto,M,Diving,Japan,Silver Medal
Noah WILLIAMS,M,Diving,Great Britain,Bronze Medal
United States,W,Football,United States,Gold Medal
Brazil,W,Football,Brazil,Silver Medal
Lydia KO,W,Golf,New Zealand,Gold Medal
Esther HENSELEIT,W,Golf,Germany,Silver Medal
LIN Xiyu Janet,W,Golf,China,Bronze Medal
Norway,W,Handball,Norway,Gold Medal
France,W,Handball,France,Silver Medal
Denmark,W,Handball,Denmark,Bronze Medal
Ahmed ELGENDY,M,Modern Pentathlon,Egypt,Gold Medal
SATO Taishu,M,Modern Pentathlon,Japan,Silver Medal
Giorgio MALAN,M,Modern Pentathlon,Italy,Bronze Medal
Janja GARNBRET,W,Sport Climbing,Slovenia,Gold Medal
Brooke RABOUTOU,W,Sport Climbing,United States,Silver Medal
Jessica PILZ,W,Sport Climbing,Austria,Bronze Medal
China,W,Table Tennis,China,Gold Medal
Japan,W,Table Tennis,Japan,Silver Medal
Korea,W,Table Tennis,Korea,Bronze Medal
Arian SALIMI,M,Taekwondo,IR Iran,Gold Medal
Caden CUNNINGHAM,M,Taekwondo,Great Britain,Silver Medal
Rafael ALBA,M,Taekwondo,Cuba,Bronze Medal
Cheick Sallah CISSE,M,Taekwondo,Côte d'Ivoire,Bronze Medal
Althea LAURIN,W,Taekwondo,France,Gold Medal
Svetlana OSIPOVA,W,Taekwondo,Uzbekistan,Silver Medal
LEE Dabin,W,Taekwondo,Korea,Bronze Medal
Nafia KUS AYDIN,W,Taekwondo,Türkiye,Bronze Medal
France,M,Volleyball,France,Gold Medal
Poland,M,Volleyball,Poland,Silver Medal
Brazil,W,Volleyball,Brazil,Bronze Medal
Spain,W,Water Polo,Spain,Gold Medal
Australia,W,Water Polo,Australia,Silver Medal
Netherlands,W,Water Polo,Netherlands,Bronze Medal
Lasha TALAKHADZE,M,Weightlifting,Georgia,Gold Medal
Varazdat LALAYAN,M,Weightlifting,Armenia,Silver Medal
Gor MINASYAN,M,Weightlifting,Bahrain,Bronze Medal
LIU Huanhua,M,Weightlifting,China,Gold Medal
Akbar DJURAEV,M,Weightlifting,Uzbekistan,Silver Medal
Yauheni TSIKHANTSOU,M,Weightlifting,AIN,Bronze Medal
Solfrid Eila Amena KOANDA,W,Weightlifting,Norway,Gold Medal
Sara AHMED,W,Weightlifting,Egypt,Silver Medal
Neisi Patricia DAJOMES BARRERA,W,Weightlifting,Ecuador,Bronze Medal
Geno PETRIASHVILI,M,Wrestling,Georgia,Gold Medal
Amir Hossein ZARE,M,Wrestling,IR Iran,Silver Medal
Taha AKGUL,M,Wrestling,Türkiye,Bronze Medal
Giorgi MESHVILDISHVILI,M,Wrestling,Azerbaijan,Bronze Medal
Razambek Salambekovitch JAMALOV,M,Wrestling,Uzbekistan,Gold Medal
TAKATANI Daichi,M,Wrestling,Japan,Silver Medal
Kyle Douglas DAKE,M,Wrestling,United States,Bronze Medal
Chermen VALIEV,M,Wrestling,Albania,Bronze Medal
MOTOKI Sakura,W,Wrestling,Japan,Gold Medal
Iryna KOLIADENKO,W,Wrestling,Ukraine,Silver Medal
Aisuluu TYNYBEKOVA,W,Wrestling,Kyrgyzstan,Bronze Medal
Grace Jacob BULLEN,W,Wrestling,Norway,Bronze Medal
Sifan HASSAN,W,Athletics,Netherlands,Gold Medal
Tigst ASSEFA,W,Athletics,Ethiopia,Silver Medal
Hellen OBIRI,W,Athletics,Kenya,Bronze Medal
United States,W,Basketball,United States,Gold Medal
France,W,Basketball,France,Silver Medal
Australia,W,Basketball,Australia,Bronze Medal
Harrie LAVREYSEN,M,Cycling Track,Netherlands,Gold Medal
Matthew RICHARDSON,M,Cycling Track,Australia,Silver Medal
Matthew GLAETZER,M,Cycling Track,Australia,Bronze Medal
Jennifer VALENTE,W,Cycling Track,United States,Gold Medal
Daria PIKULIK,W,Cycling Track,Poland,Silver Medal
Ally WOLLASTON,W,Cycling Track,New Zealand,Bronze Medal
Ellesse ANDREWS,W,Cycling Track,New Zealand,Gold Medal
Lea FRIEDRICH,W,Cycling Track,Germany,Silver Medal
Emma FINUCANE,W,Cycling Track,Great Britain,Bronze Medal
Denmark,M,Handball,Denmark,Gold Medal
Germany,M,Handball,Germany,Silver Medal
Spain,M,Handball,Spain,Bronze Medal
Michelle GULYAS,W,Modern Pentathlon,Hungary,Gold Medal
Elodie CLOUVEL,W,Modern Pentathlon,France,Silver Medal
SEONG Seungmin,W,Modern Pentathlon,Korea,Bronze Medal
Italy,W,Volleyball,Italy,Gold Medal
United States,W,Volleyball,United States,Silver Medal
Serbia,M,Water Polo,Serbia,Gold Medal
Croatia,M,Water Polo,Croatia,Silver Medal
United States,M,Water Polo,United States,Bronze Medal
LI Wenwen,W,Weightlifting,China,Gold Medal
PARK Hyejeong,W,Weightlifting,Korea,Silver Medal
Emily CAMPBELL,W,Weightlifting,Great Britain,Bronze Medal
KIYOOKA Kotaro,M,Wrestling,Japan,Gold Medal
Rahman AMOUZADKHALILI,M,Wrestling,IR Iran,Silver Medal
Sebastian C RIVERA,M,Wrestling,Puerto Rico,Bronze Medal
Islam DUDAEV,M,Wrestling,Albania,Bronze Medal
Akhmed TAZHUDINOV,M,Wrestling,Bahrain,Gold Medal
Givi MATCHARASHVILI,M,Wrestling,Georgia,Silver Medal
Magomedkhan MAGOMEDOV,M,Wrestling,Azerbaijan,Bronze Medal
Amirali AZARPIRA,M,Wrestling,IR Iran,Bronze Medal
KAGAMI Yuka,W,Wrestling,Japan,Gold Medal
Kennedy Alexis BLADES,W,Wrestling,United States,Silver Medal
Milaimy de la Carid. MARIN POTRILLE,W,Wrestling,Cuba,Bronze Medal
Tatiana RENTERIA RENTERIA,W,Wrestling,Colombia,Bronze Medal
People's Republic of China,W,Rhythmic Gymnastics,China,Gold Medal
Israel,W,Rhythmic Gymnastics,Israel,Silver Medal
Italy,W,Rhythmic Gymnastics,Italy,Bronze Medal
VARFOLOMEEV Darja,W,Rhythmic Gymnastics,Germany,Gold Medal
KALEYN Boryana,W,Rhythmic Gymnastics,Bulgaria,Silver Medal
RAFFAELI Sofia,W,Rhythmic Gymnastics,Italy,Bronze Medal
THIAM Nafissatou,W,Athletics,Belgium,Gold Medal
JOHNSON-THOMPSON Katarina,W,Athletics,Great Britain,Silver Medal
VIDTS Noor,W,Athletics,Belgium,Bronze Medal
