team,team_gender,country,discipline
People's Republic of China,M,China,Archery
Colombia,M,Colombia,Archery
France,M,France,Archery
Great Britain,M,Great Britain,Archery
India,M,India,Archery
Italy,M,Italy,Archery
Japan,M,Japan,Archery
Kazakhstan,M,Kazakhstan,Archery
Republic of Korea,M,Korea,Archery
Mexico,M,Mexico,Archery
Chinese Taipei,M,Chinese Taipei,Archery
Türkiye,M,Türkiye,Archery
People's Republic of China,W,China,Archery
France,W,France,Archery
Great Britain,W,Great Britain,Archery
Germany,W,Germany,Archery
Indonesia,W,Indonesia,Archery
India,W,India,Archery
Republic of Korea,W,Korea,Archery
Malaysia,W,Malaysia,Archery
Mexico,W,Mexico,Archery
Netherlands,W,Netherlands,Archery
Chinese Taipei,W,Chinese Taipei,Archery
United States of America,W,United States,Archery
Australia,X,Australia,Archery
Brazil,X,Brazil,Archery
Canada,X,Canada,Archery
People's Republic of China,X,China,Archery
Colombia,X,Colombia,Archery
Czechia,X,Czechia,Archery
Egypt,X,Egypt,Archery
Spain,X,Spain,Archery
France,X,France,Archery
Great Britain,X,Great Britain,Archery
Germany,X,Germany,Archery
Indonesia,X,Indonesia,Archery
India,X,India,Archery
Israel,X,Israel,Archery
Italy,X,Italy,Archery
Japan,X,Japan,Archery
Republic of Korea,X,Korea,Archery
Republic of Moldova,X,Republic of Moldova,Archery
Mexico,X,Mexico,Archery
Netherlands,X,Netherlands,Archery
Slovenia,X,Slovenia,Archery
Chinese Taipei,X,Chinese Taipei,Archery
Türkiye,X,Türkiye,Archery
Ukraine,X,Ukraine,Archery
United States of America,X,United States,Archery
Uzbekistan,X,Uzbekistan,Archery
Vietnam,X,Vietnam,Archery
Australia,M,Australia,Athletics
Brazil,M,Brazil,Athletics
Canada,M,Canada,Athletics
People's Republic of China,M,China,Athletics
France,M,France,Athletics
Great Britain,M,Great Britain,Athletics
Germany,M,Germany,Athletics
Ghana,M,Ghana,Athletics
Italy,M,Italy,Athletics
Jamaica,M,Jamaica,Athletics
Japan,M,Japan,Athletics
Liberia,M,Liberia,Athletics
Netherlands,M,Netherlands,Athletics
Nigeria,M,Nigeria,Athletics
South Africa,M,South Africa,Athletics
United States of America,M,United States,Athletics
Belgium,M,Belgium,Athletics
Botswana,M,Botswana,Athletics
Brazil,M,Brazil,Athletics
Spain,M,Spain,Athletics
France,M,France,Athletics
Great Britain,M,Great Britain,Athletics
Germany,M,Germany,Athletics
India,M,India,Athletics
Italy,M,Italy,Athletics
Japan,M,Japan,Athletics
Nigeria,M,Nigeria,Athletics
Poland,M,Poland,Athletics
South Africa,M,South Africa,Athletics
Trinidad and Tobago,M,Trinidad and Tobago,Athletics
United States of America,M,United States,Athletics
Zambia,M,Zambia,Athletics
Australia,W,Australia,Athletics
Belgium,W,Belgium,Athletics
Canada,W,Canada,Athletics
Côte d'Ivoire,W,Côte d'Ivoire,Athletics
Spain,W,Spain,Athletics
France,W,France,Athletics
Great Britain,W,Great Britain,Athletics
Germany,W,Germany,Athletics
Italy,W,Italy,Athletics
Jamaica,W,Jamaica,Athletics
Netherlands,W,Netherlands,Athletics
Nigeria,W,Nigeria,Athletics
Poland,W,Poland,Athletics
Switzerland,W,Switzerland,Athletics
Trinidad and Tobago,W,Trinidad and Tobago,Athletics
United States of America,W,United States,Athletics
Belgium,W,Belgium,Athletics
Canada,W,Canada,Athletics
Cuba,W,Cuba,Athletics
Spain,W,Spain,Athletics
France,W,France,Athletics
Great Britain,W,Great Britain,Athletics
Germany,W,Germany,Athletics
India,W,India,Athletics
Ireland,W,Ireland,Athletics
Italy,W,Italy,Athletics
Jamaica,W,Jamaica,Athletics
Netherlands,W,Netherlands,Athletics
Norway,W,Norway,Athletics
Poland,W,Poland,Athletics
Switzerland,W,Switzerland,Athletics
United States of America,W,United States,Athletics
COWLEY R / MONTAG J,X,Australia,Athletics
TINGAY D / HENDERSON R,X,Australia,Athletics
BONFIM C / LYRA V,X,Brazil,Athletics
DUNFEE E / LUNDMAN O,X,Canada,Athletics
ZHANG Jun / YANG Jiayu,X,China,Athletics
HE X / QIEYANG S,X,China,Athletics
ROMERO M / ARENAS L,X,Colombia,Athletics
HERRERA/MOJICA CHALARCA,X,Colombia,Athletics
HLAVAC V / MARTINKOVA E,X,Czechia,Athletics
PINTADO BD / MOREJON G,X,Ecuador,Athletics
LOPEZ MA / MONTESINOS C,X,Spain,Athletics
MARTIN A / PEREZ M,X,Spain,Athletics
QUINION A / BERETTA C,X,France,Athletics
LINKE C / FEIGE S,X,Germany,Athletics
VENYERCSAN B / RECSEI R,X,Hungary,Athletics
PANWAR Suraj / PRIYANKA,X,India,Athletics
STANO M / PALMISANO A,X,Italy,Athletics
KAWANO M / OKADA K,X,Japan,Athletics
TAKAHASHI K / YANAI A,X,Japan,Athletics
PALMA OLIVARES/GONZALEZ,X,Mexico,Athletics
RODRIGUEZ/GARCIA LEON,X,Peru,Athletics
BEN HLIMA M / CHOJECKA O,X,Poland,Athletics
CERNY D / BURZALOVA H,X,Slovakia,Athletics
DEMIR M / TEKDAL A,X,Türkiye,Athletics
BANZERUK I / OLYANOVSKA L,X,Ukraine,Athletics
Bahamas,X,Bahamas,Athletics
Belgium,X,Belgium,Athletics
Dominican Republic,X,Dominican Republic,Athletics
France,X,France,Athletics
Great Britain,X,Great Britain,Athletics
Germany,X,Germany,Athletics
Ireland,X,Ireland,Athletics
Italy,X,Italy,Athletics
Jamaica,X,Jamaica,Athletics
Kenya,X,Kenya,Athletics
Netherlands,X,Netherlands,Athletics
Nigeria,X,Nigeria,Athletics
Poland,X,Poland,Athletics
Switzerland,X,Switzerland,Athletics
Ukraine,X,Ukraine,Athletics
United States of America,X,United States,Athletics
DONG Adam / YAKURA Nyl,M,Canada,Badminton
LIU Yu Chen / OU Xuan Yi,M,China,Badminton
LIANG Wei Keng / WANG Chang,M,China,Badminton
KRAL Ondrej / MENDREK Adam,M,Czechia,Badminton
ASTRUP Kim / RASMUSSEN Anders Skaarup,M,Denmark,Badminton
POPOV Christo / POPOV Toma Junior,M,France,Badminton
CORVEE Lucas / LABAR Ronan,M,France,Badminton
LANE Ben / VENDY Sean,M,Great Britain,Badminton
LAMSFUSS Mark / SEIDEL Marvin,M,Germany,Badminton
ALFIAN Fajar / ARDIANTO Muhammad Rian,M,Indonesia,Badminton
RANKIREDDY Satwiksairaj / SHETTY Chirag,M,India,Badminton
HOKI Takuro / KOBAYASHI Yugo,M,Japan,Badminton
KANG Min Hyuk / SEO Seung Jae,M,Korea,Badminton
CHIA Aaron / SOH Wooi Yik,M,Malaysia,Badminton
JOMKOH Supak / KEDREN Kittinupong,M,Thailand,Badminton
LEE Yang / WANG Chi-Lin,M,Chinese Taipei,Badminton
CHIU Vinson / YUAN Joshua,M,United States,Badminton
MAPASA Setyana / YU Angela,W,Australia,Badminton
STOEVA Gabriela / STOEVA Stefani,W,Bulgaria,Badminton
LIU Sheng Shu / TAN Ning,W,China,Badminton
CHEN Qing Chen / JIA Yi Fan,W,China,Badminton
FRUERGAARD Maiken / THYGESEN Sara,W,Denmark,Badminton
LAMBERT Margot / TRAN Anne,W,France,Badminton
YEUNG Nga Ting / YEUNG Pui Lam,W,"Hong Kong, China",Badminton
RAHAYU Apriyani / RAMADHANTI Siti Fadia Silva,W,Indonesia,Badminton
CRASTO Tanisha / PONNAPPA Ashwini,W,India,Badminton
MATSUYAMA Nami / SHIDA Chiharu,W,Japan,Badminton
MATSUMOTO Mayu / NAGAHARA Wakana,W,Japan,Badminton
BAEK Ha Na / LEE So Hee,W,Korea,Badminton
KIM So Yeong / KONG Hee Yong,W,Korea,Badminton
TAN Pearly / THINAAH Muralitharan,W,Malaysia,Badminton
KITITHARAKUL Jongkolphan / PRAJONGJAI Rawinda,W,Thailand,Badminton
XU Annie / XU Kerry,W,United States,Badminton
MAMMERI Koceila / MAMMERI Tanina Violette,X,Algeria,Badminton
FENG Yan Zhe / HUANG Dong Ping,X,China,Badminton
ZHENG Si Wei / HUANG Ya Qiong,X,China,Badminton
CHRISTIANSEN Mathias / BOEJE Alexandra,X,Denmark,Badminton
GICQUEL Thom / DELRUE Delphine,X,France,Badminton
TANG Chun Man / TSE Ying Suet,X,"Hong Kong, China",Badminton
RIVALDY Rinov / MENTARI Pitha Haningtyas,X,Indonesia,Badminton
WATANABE Yuta / HIGASHINO Arisa,X,Japan,Badminton
SEO Seung Jae / CHAE Yu Jung,X,Korea,Badminton
KIM Won Ho / JEONG Na Eun,X,Korea,Badminton
CHEN Tang Jie / TOH Ee Wei,X,Malaysia,Badminton
TABELING Robin / PIEK Selena,X,Netherlands,Badminton
HEE Yong Kai Terry / TAN Wei Han Jessica,X,Singapore,Badminton
PUAVARANUKROH Dechapol / TAERATTANACHAI Sapsiree,X,Thailand,Badminton
YE Hong Wei / LEE Chia Hsin,X,Chinese Taipei,Badminton
CHIU Vinson / GAI Jennie,X,United States,Badminton
People's Republic of China,M,China,3x3 Basketball
France,M,France,3x3 Basketball
Latvia,M,Latvia,3x3 Basketball
Lithuania,M,Lithuania,3x3 Basketball
Netherlands,M,Netherlands,3x3 Basketball
Poland,M,Poland,3x3 Basketball
Serbia,M,Serbia,3x3 Basketball
United States of America,M,United States,3x3 Basketball
Australia,W,Australia,3x3 Basketball
Azerbaijan,W,Azerbaijan,3x3 Basketball
Canada,W,Canada,3x3 Basketball
People's Republic of China,W,China,3x3 Basketball
Spain,W,Spain,3x3 Basketball
France,W,France,3x3 Basketball
Germany,W,Germany,3x3 Basketball
United States of America,W,United States,3x3 Basketball
Australia,M,Australia,Basketball
Brazil,M,Brazil,Basketball
Canada,M,Canada,Basketball
Spain,M,Spain,Basketball
France,M,France,Basketball
Germany,M,Germany,Basketball
Greece,M,Greece,Basketball
Japan,M,Japan,Basketball
Puerto Rico,M,Puerto Rico,Basketball
Serbia,M,Serbia,Basketball
South Sudan,M,South Sudan,Basketball
United States of America,M,United States,Basketball
Australia,W,Australia,Basketball
Belgium,W,Belgium,Basketball
Canada,W,Canada,Basketball
People's Republic of China,W,China,Basketball
Spain,W,Spain,Basketball
France,W,France,Basketball
Germany,W,Germany,Basketball
Japan,W,Japan,Basketball
Nigeria,W,Nigeria,Basketball
Puerto Rico,W,Puerto Rico,Basketball
Serbia,W,Serbia,Basketball
United States of America,W,United States,Basketball
PETROV Zakhar / KOROVASHKOV Alexey,M,AIN,Canoe Sprint
ANTONIO Manuel / SANDA Benilson,M,Angola,Canoe Sprint
NASCIMENTO GODMANN Jacky Jamael / GUIMARAES QUEIROZ Isaquias,M,Brazil,Canoe Sprint
LIU Hao / JI Bowen,M,China,Canoe Sprint
FUKSA Petr / FUKSA Martin,M,Czechia,Canoe Sprint
MORENO Joan Antoni / DOMINGUEZ Diego,M,Spain,Canoe Sprint
LEONARD Loic / BART Adrien,M,France,Canoe Sprint
KRETSCHMER Peter / HECKER Tim,M,Germany,Canoe Sprint
ADOLF Balazs / HAJDU Jonatan Daniel,M,Hungary,Canoe Sprint
CASADEI Gabriele / TACCHINI Carlo,M,Italy,Canoe Sprint
YEMELYANOV Sergey / KHAIDAROV Timur,M,Kazakhstan,Canoe Sprint
BROWN Max / CLANCY Grant,M,New Zealand,Canoe Sprint
SPRINCEAN Ilie / NUTA Oleg,M,Romania,Canoe Sprint
van der WESTHUYZEN Jean / GREEN Tom,M,Australia,Canoe Sprint
POULIN Pierre-Luc / McTAVISH Simon,M,Canada,Canoe Sprint
BU Tingkai / ZHANG Dong,M,China,Canoe Sprint
SPICAR Jakub / HAVEL Daniel,M,Czechia,Canoe Sprint
AREVALO Carlos / GERMADE Rodrigo,M,Spain,Canoe Sprint
del RIO Adrian / COOPER Marcus,M,Spain,Canoe Sprint
SCHOPF Jacob / LEMKE Max,M,Germany,Canoe Sprint
RENDSCHMIDT Max / LIEBSCHER-LUCZ Tom,M,Germany,Canoe Sprint
NADAS Bence / TOTKA Sandor,M,Hungary,Canoe Sprint
KOPASZ Balint / VARGA Adam,M,Hungary,Canoe Sprint
RAMATULLA Bekarys / TOKARNYTSKYI Sergii,M,Kazakhstan,Canoe Sprint
MALDONIS Mindaugas / OLIJNIK Andrej,M,Lithuania,Canoe Sprint
LEGARTH Hamish / IMRIE Kurtis,M,New Zealand,Canoe Sprint
STEPUN Jakub / KORSAK Przemyslaw,M,Poland,Canoe Sprint
RIBEIRO Joao / BAPTISTA Messias,M,Portugal,Canoe Sprint
LOVEMORE Hamish / BIRKETT Andrew James,M,South Africa,Canoe Sprint
DZOMBETA Andjelo / TORUBAROV Vladimir,M,Serbia,Canoe Sprint
NOVAKOVIC Marko / DRAGOSAVLJEVIC Marko,M,Serbia,Canoe Sprint
KUKHARYK Oleh / TRUNOV Ihor,M,Ukraine,Canoe Sprint
ECKER Jonas / SMALL Aaron,M,United States,Canoe Sprint
Australia,M,Australia,Canoe Sprint
Canada,M,Canada,Canoe Sprint
People's Republic of China,M,China,Canoe Sprint
Denmark,M,Denmark,Canoe Sprint
Spain,M,Spain,Canoe Sprint
Germany,M,Germany,Canoe Sprint
Hungary,M,Hungary,Canoe Sprint
Lithuania,M,Lithuania,Canoe Sprint
New Zealand,M,New Zealand,Canoe Sprint
Serbia,M,Serbia,Canoe Sprint
Ukraine,M,Ukraine,Canoe Sprint
MACKENZIE Sloan / VINCENT Katie,W,Canada,Canoe Sprint
MAILLIARD Maria Jose / GOMEZ Paula,W,Chile,Canoe Sprint
XU Shixiao / SUN Mengya,W,China,Canoe Sprint
CIRILO DUBOYS Yarisleidis / LOPEZ LAMADRID Yinnoly Francheska,W,Cuba,Canoe Sprint
JACOME Antia / CORBERA Maria,W,Spain,Canoe Sprint
RENARD Axelle / DORANGE Eugenie,W,France,Canoe Sprint
JAHN Lisa / KLIEMKE Hedi Moana,W,Germany,Canoe Sprint
KISS Agnes Anna / NAGY Bianka,W,Hungary,Canoe Sprint
BROVKOVA Mariya / ISKAKOVA Rufina,W,Kazakhstan,Canoe Sprint
COCIU Daniela / OLARASU Maria,W,Republic of Moldova,Canoe Sprint
BELLO Ayomide Powei / OTUEDO Beauty Akinaere,W,Nigeria,Canoe Sprint
SZCZERBINSKA Sylwia / BOROWSKA Dorota,W,Poland,Canoe Sprint
LUZAN Liudmyla / RYBACHOK Anastasiia,W,Ukraine,Canoe Sprint
BEERE Ella / BULL Aly,W,Australia,Canoe Sprint
PETERS Hermien / BROEKX Lize,W,Belgium,Canoe Sprint
STOTT Courtney / DAVISON Natalie,W,Canada,Canoe Sprint
YU Shimeng / CHEN Yule,W,China,Canoe Sprint
JORGENSEN Emma Aastrand / MATTHIESEN Frederikke Hauge,W,Denmark,Canoe Sprint
GARCIA OTERO Carolina / OUZANDE Sara,W,Spain,Canoe Sprint
HOSTENS Manon / PAOLETTI Vanina,W,France,Canoe Sprint
PASZEK Paulina / HAKE Jule Marie,W,Germany,Canoe Sprint
ROEHLINGS Lena / JAGSCH Pauline,W,Germany,Canoe Sprint
CSIPES Tamara / GAZSO Alida Dora,W,Hungary,Canoe Sprint
PUPP Noemi / FOJT Sara,W,Hungary,Canoe Sprint
ALANIS MORALES Karina / BRIONES FRAGOZA Beatriz,W,Mexico,Canoe Sprint
KONIJN Selma / VORSSELMAN Ruth,W,Netherlands,Canoe Sprint
VIRIK Maria / SLETSJOEE Anna Margrete,W,Norway,Canoe Sprint
CARRINGTON Lisa / HOSKIN Alicia,W,New Zealand,Canoe Sprint
FISHER Aimee / MATEHAERE Lucy,W,New Zealand,Canoe Sprint
KLATT Martyna / WISNIEWSKA Helena,W,Poland,Canoe Sprint
NAJA Karolina / PULAWSKA Anna,W,Poland,Canoe Sprint
KOCH Tiffany Amber / OLIVIER Esti,W,South Africa,Canoe Sprint
STENSILS Linnea / WIKBERG Moa,W,Sweden,Canoe Sprint
Australia,W,Australia,Canoe Sprint
Canada,W,Canada,Canoe Sprint
People's Republic of China,W,China,Canoe Sprint
Spain,W,Spain,Canoe Sprint
Germany,W,Germany,Canoe Sprint
Hungary,W,Hungary,Canoe Sprint
Norway,W,Norway,Canoe Sprint
New Zealand,W,New Zealand,Canoe Sprint
Poland,W,Poland,Canoe Sprint
Serbia,W,Serbia,Canoe Sprint
Australia,M,Australia,Cycling Track
Austria,M,Austria,Cycling Track
Belgium,M,Belgium,Cycling Track
Canada,M,Canada,Cycling Track
Czechia,M,Czechia,Cycling Track
Denmark,M,Denmark,Cycling Track
Spain,M,Spain,Cycling Track
France,M,France,Cycling Track
Great Britain,M,Great Britain,Cycling Track
Germany,M,Germany,Cycling Track
Italy,M,Italy,Cycling Track
Japan,M,Japan,Cycling Track
Netherlands,M,Netherlands,Cycling Track
New Zealand,M,New Zealand,Cycling Track
Portugal,M,Portugal,Cycling Track
Australia,M,Australia,Cycling Track
Belgium,M,Belgium,Cycling Track
Canada,M,Canada,Cycling Track
Denmark,M,Denmark,Cycling Track
France,M,France,Cycling Track
Great Britain,M,Great Britain,Cycling Track
Germany,M,Germany,Cycling Track
Italy,M,Italy,Cycling Track
Japan,M,Japan,Cycling Track
New Zealand,M,New Zealand,Cycling Track
Australia,M,Australia,Cycling Track
Canada,M,Canada,Cycling Track
People's Republic of China,M,China,Cycling Track
France,M,France,Cycling Track
Great Britain,M,Great Britain,Cycling Track
Germany,M,Germany,Cycling Track
Japan,M,Japan,Cycling Track
Netherlands,M,Netherlands,Cycling Track
Australia,W,Australia,Cycling Track
Belgium,W,Belgium,Cycling Track
Canada,W,Canada,Cycling Track
Denmark,W,Denmark,Cycling Track
France,W,France,Cycling Track
Great Britain,W,Great Britain,Cycling Track
Germany,W,Germany,Cycling Track
Ireland,W,Ireland,Cycling Track
Italy,W,Italy,Cycling Track
Japan,W,Japan,Cycling Track
Netherlands,W,Netherlands,Cycling Track
New Zealand,W,New Zealand,Cycling Track
Poland,W,Poland,Cycling Track
Switzerland,W,Switzerland,Cycling Track
United States of America,W,United States,Cycling Track
Australia,W,Australia,Cycling Track
Canada,W,Canada,Cycling Track
France,W,France,Cycling Track
Great Britain,W,Great Britain,Cycling Track
Germany,W,Germany,Cycling Track
Ireland,W,Ireland,Cycling Track
Italy,W,Italy,Cycling Track
Japan,W,Japan,Cycling Track
New Zealand,W,New Zealand,Cycling Track
United States of America,W,United States,Cycling Track
Canada,W,Canada,Cycling Track
People's Republic of China,W,China,Cycling Track
Great Britain,W,Great Britain,Cycling Track
Germany,W,Germany,Cycling Track
Mexico,W,Mexico,Cycling Track
Netherlands,W,Netherlands,Cycling Track
New Zealand,W,New Zealand,Cycling Track
Poland,W,Poland,Cycling Track
Australia,M,Australia,Diving
Canada,M,Canada,Diving
People's Republic of China,M,China,Diving
France,M,France,Diving
Great Britain,M,Great Britain,Diving
Germany,M,Germany,Diving
Mexico,M,Mexico,Diving
Ukraine,M,Ukraine,Diving
People's Republic of China,M,China,Diving
Spain,M,Spain,Diving
France,M,France,Diving
Great Britain,M,Great Britain,Diving
Italy,M,Italy,Diving
Mexico,M,Mexico,Diving
Ukraine,M,Ukraine,Diving
United States of America,M,United States,Diving
Canada,W,Canada,Diving
People's Republic of China,W,China,Diving
France,W,France,Diving
Great Britain,W,Great Britain,Diving
Mexico,W,Mexico,Diving
Democratic People's Republic of Korea,W,DPR Korea,Diving
Ukraine,W,Ukraine,Diving
United States of America,W,United States,Diving
Australia,W,Australia,Diving
People's Republic of China,W,China,Diving
France,W,France,Diving
Great Britain,W,Great Britain,Diving
Germany,W,Germany,Diving
Italy,W,Italy,Diving
Ukraine,W,Ukraine,Diving
United States of America,W,United States,Diving
Australia,O,Australia,Equestrian
Austria,O,Austria,Equestrian
Belgium,O,Belgium,Equestrian
Canada,O,Canada,Equestrian
Denmark,O,Denmark,Equestrian
Spain,O,Spain,Equestrian
Finland,O,Finland,Equestrian
France,O,France,Equestrian
Great Britain,O,Great Britain,Equestrian
Germany,O,Germany,Equestrian
Netherlands,O,Netherlands,Equestrian
Poland,O,Poland,Equestrian
Portugal,O,Portugal,Equestrian
Sweden,O,Sweden,Equestrian
United States of America,O,United States,Equestrian
Australia,O,Australia,Equestrian
Belgium,O,Belgium,Equestrian
Brazil,O,Brazil,Equestrian
Canada,O,Canada,Equestrian
France,O,France,Equestrian
Great Britain,O,Great Britain,Equestrian
Germany,O,Germany,Equestrian
Ireland,O,Ireland,Equestrian
Italy,O,Italy,Equestrian
Japan,O,Japan,Equestrian
Netherlands,O,Netherlands,Equestrian
New Zealand,O,New Zealand,Equestrian
Poland,O,Poland,Equestrian
Switzerland,O,Switzerland,Equestrian
Sweden,O,Sweden,Equestrian
United States of America,O,United States,Equestrian
Australia,O,Australia,Equestrian
Austria,O,Austria,Equestrian
Belgium,O,Belgium,Equestrian
Brazil,O,Brazil,Equestrian
Canada,O,Canada,Equestrian
Spain,O,Spain,Equestrian
France,O,France,Equestrian
Great Britain,O,Great Britain,Equestrian
Germany,O,Germany,Equestrian
Ireland,O,Ireland,Equestrian
Israel,O,Israel,Equestrian
Japan,O,Japan,Equestrian
Saudi Arabia,O,Saudi Arabia,Equestrian
Mexico,O,Mexico,Equestrian
Netherlands,O,Netherlands,Equestrian
Poland,O,Poland,Equestrian
Switzerland,O,Switzerland,Equestrian
Sweden,O,Sweden,Equestrian
United Arab Emirates,O,UA Emirates,Equestrian
United States of America,O,United States,Equestrian
Argentina,M,Argentina,Football
Dominican Republic,M,Dominican Republic,Football
Egypt,M,Egypt,Football
Spain,M,Spain,Football
France,M,France,Football
Guinea,M,Guinea,Football
Iraq,M,Iraq,Football
Israel,M,Israel,Football
Japan,M,Japan,Football
Morocco,M,Morocco,Football
Mali,M,Mali,Football
New Zealand,M,New Zealand,Football
Paraguay,M,Paraguay,Football
Ukraine,M,Ukraine,Football
United States of America,M,United States,Football
Uzbekistan,M,Uzbekistan,Football
Australia,W,Australia,Football
Brazil,W,Brazil,Football
Canada,W,Canada,Football
Colombia,W,Colombia,Football
Spain,W,Spain,Football
France,W,France,Football
Germany,W,Germany,Football
Japan,W,Japan,Football
Nigeria,W,Nigeria,Football
New Zealand,W,New Zealand,Football
United States of America,W,United States,Football
Zambia,W,Zambia,Football
Czechia,M,Czechia,Fencing
Egypt,M,Egypt,Fencing
France,M,France,Fencing
Hungary,M,Hungary,Fencing
Italy,M,Italy,Fencing
Japan,M,Japan,Fencing
Kazakhstan,M,Kazakhstan,Fencing
Venezuela,M,Venezuela,Fencing
Canada,M,Canada,Fencing
People's Republic of China,M,China,Fencing
Egypt,M,Egypt,Fencing
France,M,France,Fencing
Italy,M,Italy,Fencing
Japan,M,Japan,Fencing
Poland,M,Poland,Fencing
United States of America,M,United States,Fencing
Canada,M,Canada,Fencing
Egypt,M,Egypt,Fencing
France,M,France,Fencing
Hungary,M,Hungary,Fencing
Islamic Republic of Iran,M,IR Iran,Fencing
Italy,M,Italy,Fencing
Republic of Korea,M,Korea,Fencing
United States of America,M,United States,Fencing
People's Republic of China,W,China,Fencing
Egypt,W,Egypt,Fencing
France,W,France,Fencing
Italy,W,Italy,Fencing
Republic of Korea,W,Korea,Fencing
Poland,W,Poland,Fencing
Ukraine,W,Ukraine,Fencing
United States of America,W,United States,Fencing
Canada,W,Canada,Fencing
People's Republic of China,W,China,Fencing
Egypt,W,Egypt,Fencing
France,W,France,Fencing
Italy,W,Italy,Fencing
Japan,W,Japan,Fencing
Poland,W,Poland,Fencing
United States of America,W,United States,Fencing
Algeria,W,Algeria,Fencing
France,W,France,Fencing
Hungary,W,Hungary,Fencing
Italy,W,Italy,Fencing
Japan,W,Japan,Fencing
Republic of Korea,W,Korea,Fencing
Ukraine,W,Ukraine,Fencing
United States of America,W,United States,Fencing
Canada,M,Canada,Artistic Gymnastics
People's Republic of China,M,China,Artistic Gymnastics
Spain,M,Spain,Artistic Gymnastics
Great Britain,M,Great Britain,Artistic Gymnastics
Germany,M,Germany,Artistic Gymnastics
Italy,M,Italy,Artistic Gymnastics
Japan,M,Japan,Artistic Gymnastics
Netherlands,M,Netherlands,Artistic Gymnastics
Switzerland,M,Switzerland,Artistic Gymnastics
Türkiye,M,Türkiye,Artistic Gymnastics
Ukraine,M,Ukraine,Artistic Gymnastics
United States of America,M,United States,Artistic Gymnastics
Australia,W,Australia,Artistic Gymnastics
Brazil,W,Brazil,Artistic Gymnastics
Canada,W,Canada,Artistic Gymnastics
People's Republic of China,W,China,Artistic Gymnastics
France,W,France,Artistic Gymnastics
Great Britain,W,Great Britain,Artistic Gymnastics
Italy,W,Italy,Artistic Gymnastics
Japan,W,Japan,Artistic Gymnastics
Republic of Korea,W,Korea,Artistic Gymnastics
Netherlands,W,Netherlands,Artistic Gymnastics
Romania,W,Romania,Artistic Gymnastics
United States of America,W,United States,Artistic Gymnastics
Australia,W,Australia,Rhythmic Gymnastics
Azerbaijan,W,Azerbaijan,Rhythmic Gymnastics
Brazil,W,Brazil,Rhythmic Gymnastics
Bulgaria,W,Bulgaria,Rhythmic Gymnastics
People's Republic of China,W,China,Rhythmic Gymnastics
Egypt,W,Egypt,Rhythmic Gymnastics
Spain,W,Spain,Rhythmic Gymnastics
France,W,France,Rhythmic Gymnastics
Germany,W,Germany,Rhythmic Gymnastics
Israel,W,Israel,Rhythmic Gymnastics
Italy,W,Italy,Rhythmic Gymnastics
Mexico,W,Mexico,Rhythmic Gymnastics
Ukraine,W,Ukraine,Rhythmic Gymnastics
Uzbekistan,W,Uzbekistan,Rhythmic Gymnastics
Argentina,M,Argentina,Handball
Croatia,M,Croatia,Handball
Denmark,M,Denmark,Handball
Egypt,M,Egypt,Handball
Spain,M,Spain,Handball
France,M,France,Handball
Germany,M,Germany,Handball
Hungary,M,Hungary,Handball
Japan,M,Japan,Handball
Norway,M,Norway,Handball
Slovenia,M,Slovenia,Handball
Sweden,M,Sweden,Handball
Angola,W,Angola,Handball
Brazil,W,Brazil,Handball
Denmark,W,Denmark,Handball
Spain,W,Spain,Handball
France,W,France,Handball
Germany,W,Germany,Handball
Hungary,W,Hungary,Handball
Republic of Korea,W,Korea,Handball
Netherlands,W,Netherlands,Handball
Norway,W,Norway,Handball
Slovenia,W,Slovenia,Handball
Sweden,W,Sweden,Handball
Argentina,M,Argentina,Hockey
Australia,M,Australia,Hockey
Belgium,M,Belgium,Hockey
Spain,M,Spain,Hockey
France,M,France,Hockey
Great Britain,M,Great Britain,Hockey
Germany,M,Germany,Hockey
India,M,India,Hockey
Ireland,M,Ireland,Hockey
Netherlands,M,Netherlands,Hockey
New Zealand,M,New Zealand,Hockey
South Africa,M,South Africa,Hockey
Argentina,W,Argentina,Hockey
Australia,W,Australia,Hockey
Belgium,W,Belgium,Hockey
People's Republic of China,W,China,Hockey
Spain,W,Spain,Hockey
France,W,France,Hockey
Great Britain,W,Great Britain,Hockey
Germany,W,Germany,Hockey
Japan,W,Japan,Hockey
Netherlands,W,Netherlands,Hockey
South Africa,W,South Africa,Hockey
United States of America,W,United States,Hockey
Austria,X,Austria,Judo
Brazil,X,Brazil,Judo
Canada,X,Canada,Judo
Refugee Olympic Team,X,EOR,Judo
Spain,X,Spain,Judo
France,X,France,Judo
Georgia,X,Georgia,Judo
Germany,X,Germany,Judo
Hungary,X,Hungary,Judo
Israel,X,Israel,Judo
Italy,X,Italy,Judo
Japan,X,Japan,Judo
Kazakhstan,X,Kazakhstan,Judo
Republic of Korea,X,Korea,Judo
Mongolia,X,Mongolia,Judo
Netherlands,X,Netherlands,Judo
Serbia,X,Serbia,Judo
Türkiye,X,Türkiye,Judo
Uzbekistan,X,Uzbekistan,Judo
Australia,M,Australia,Rowing
Great Britain,M,Great Britain,Rowing
Germany,M,Germany,Rowing
Italy,M,Italy,Rowing
Netherlands,M,Netherlands,Rowing
Romania,M,Romania,Rowing
United States of America,M,United States,Rowing
Australia,M,Australia,Rowing
Croatia,M,Croatia,Rowing
Spain,M,Spain,Rowing
Great Britain,M,Great Britain,Rowing
Germany,M,Germany,Rowing
Ireland,M,Ireland,Rowing
Italy,M,Italy,Rowing
Lithuania,M,Lithuania,Rowing
New Zealand,M,New Zealand,Rowing
Romania,M,Romania,Rowing
South Africa,M,South Africa,Rowing
Switzerland,M,Switzerland,Rowing
United States of America,M,United States,Rowing
Australia,M,Australia,Rowing
France,M,France,Rowing
Great Britain,M,Great Britain,Rowing
Italy,M,Italy,Rowing
Netherlands,M,Netherlands,Rowing
New Zealand,M,New Zealand,Rowing
Romania,M,Romania,Rowing
Switzerland,M,Switzerland,Rowing
United States of America,M,United States,Rowing
People's Republic of China,M,China,Rowing
Croatia,M,Croatia,Rowing
Spain,M,Spain,Rowing
France,M,France,Rowing
Germany,M,Germany,Rowing
Ireland,M,Ireland,Rowing
Italy,M,Italy,Rowing
Argentina,M,Argentina,Rowing
Belgium,M,Belgium,Rowing
Chile,M,Chile,Rowing
Czechia,M,Czechia,Rowing
Egypt,M,Egypt,Rowing
Spain,M,Spain,Rowing
France,M,France,Rowing
Greece,M,Greece,Rowing
Ireland,M,Ireland,Rowing
Italy,M,Italy,Rowing
Japan,M,Japan,Rowing
Mexico,M,Mexico,Rowing
Norway,M,Norway,Rowing
Switzerland,M,Switzerland,Rowing
Ukraine,M,Ukraine,Rowing
Uzbekistan,M,Uzbekistan,Rowing
Netherlands,M,Netherlands,Rowing
Norway,M,Norway,Rowing
New Zealand,M,New Zealand,Rowing
Romania,M,Romania,Rowing
Serbia,M,Serbia,Rowing
United States of America,M,United States,Rowing
Estonia,M,Estonia,Rowing
Great Britain,M,Great Britain,Rowing
Germany,M,Germany,Rowing
Italy,M,Italy,Rowing
Netherlands,M,Netherlands,Rowing
Norway,M,Norway,Rowing
Poland,M,Poland,Rowing
Romania,M,Romania,Rowing
Switzerland,M,Switzerland,Rowing
Australia,W,Australia,Rowing
Canada,W,Canada,Rowing
Denmark,W,Denmark,Rowing
Great Britain,W,Great Britain,Rowing
Italy,W,Italy,Rowing
Romania,W,Romania,Rowing
United States of America,W,United States,Rowing
Australia,W,Australia,Rowing
Chile,W,Chile,Rowing
Czechia,W,Czechia,Rowing
Denmark,W,Denmark,Rowing
Spain,W,Spain,Rowing
Great Britain,W,Great Britain,Rowing
Greece,W,Greece,Rowing
Ireland,W,Ireland,Rowing
Lithuania,W,Lithuania,Rowing
Netherlands,W,Netherlands,Rowing
New Zealand,W,New Zealand,Rowing
Romania,W,Romania,Rowing
United States of America,W,United States,Rowing
Australia,W,Australia,Rowing
People's Republic of China,W,China,Rowing
Denmark,W,Denmark,Rowing
Great Britain,W,Great Britain,Rowing
Ireland,W,Ireland,Rowing
Netherlands,W,Netherlands,Rowing
New Zealand,W,New Zealand,Rowing
Romania,W,Romania,Rowing
United States of America,W,United States,Rowing
Australia,W,Australia,Rowing
People's Republic of China,W,China,Rowing
Czechia,W,Czechia,Rowing
France,W,France,Rowing
Great Britain,W,Great Britain,Rowing
Ireland,W,Ireland,Rowing
Italy,W,Italy,Rowing
Argentina,W,Argentina,Rowing
Austria,W,Austria,Rowing
Canada,W,Canada,Rowing
People's Republic of China,W,China,Rowing
France,W,France,Rowing
Great Britain,W,Great Britain,Rowing
Greece,W,Greece,Rowing
Islamic Republic of Iran,W,IR Iran,Rowing
Ireland,W,Ireland,Rowing
Japan,W,Japan,Rowing
New Zealand,W,New Zealand,Rowing
Peru,W,Peru,Rowing
Poland,W,Poland,Rowing
Romania,W,Romania,Rowing
Lithuania,W,Lithuania,Rowing
Tunisia,W,Tunisia,Rowing
United States of America,W,United States,Rowing
Netherlands,W,Netherlands,Rowing
Norway,W,Norway,Rowing
New Zealand,W,New Zealand,Rowing
Romania,W,Romania,Rowing
United States of America,W,United States,Rowing
Australia,W,Australia,Rowing
People's Republic of China,W,China,Rowing
Great Britain,W,Great Britain,Rowing
Germany,W,Germany,Rowing
Netherlands,W,Netherlands,Rowing
Romania,W,Romania,Rowing
Switzerland,W,Switzerland,Rowing
Ukraine,W,Ukraine,Rowing
United States of America,W,United States,Rowing
Argentina,M,Argentina,Rugby Sevens
Australia,M,Australia,Rugby Sevens
Fiji,M,Fiji,Rugby Sevens
France,M,France,Rugby Sevens
Ireland,M,Ireland,Rugby Sevens
Japan,M,Japan,Rugby Sevens
Kenya,M,Kenya,Rugby Sevens
New Zealand,M,New Zealand,Rugby Sevens
South Africa,M,South Africa,Rugby Sevens
Samoa,M,Samoa,Rugby Sevens
Uruguay,M,Uruguay,Rugby Sevens
United States of America,M,United States,Rugby Sevens
Australia,W,Australia,Rugby Sevens
Brazil,W,Brazil,Rugby Sevens
Canada,W,Canada,Rugby Sevens
People's Republic of China,W,China,Rugby Sevens
Fiji,W,Fiji,Rugby Sevens
France,W,France,Rugby Sevens
Great Britain,W,Great Britain,Rugby Sevens
Ireland,W,Ireland,Rugby Sevens
Japan,W,Japan,Rugby Sevens
New Zealand,W,New Zealand,Rugby Sevens
South Africa,W,South Africa,Rugby Sevens
United States of America,W,United States,Rugby Sevens
COLLEY Jim / CONNOR Shaun,M,Australia,Sailing
BILDSTEIN Benjamin / HUSSL David,M,Austria,Sailing
LEFEBVRE Yannick / HEUNINCK Jan,M,Belgium,Sailing
SOFFIATTI GRAEL Marco / SIMOES Gabriel,M,Brazil,Sailing
JONES William / BARNES Justin,M,Canada,Sailing
WEN Zaiding / LIU Tian,M,China,Sailing
FANTELA Sime / FANTELA Mihovil,M,Croatia,Sailing
NYBORG Daniel / BUHL Nikolaj Hoffmann,M,Denmark,Sailing
BOTIN le CHEVER Diego / TRITTEL PAUL Florian,M,Spain,Sailing
FISCHER Erwan / PEQUIN Clement,M,France,Sailing
PETERS James / STERRITT Fynn,M,Great Britain,Sailing
MEGGENDORFER Jakob / SPRANGER Andreas,M,Germany,Sailing
SAKAI Akira Luke / ALYSWORTH Russell Williams,M,"Hong Kong, China",Sailing
DICKSON Robert / WADDILOVE Sean,M,Ireland,Sailing
LAMBRIEX Bart / van de WERKEN Floris,M,Netherlands,Sailing
McHARDIE Isaac / McKENZIE William,M,New Zealand,Sailing
BUKSAK Dominik / WIERZBICKI Szymon,M,Poland,Sailing
SCHNEITER Sébastien / de PLANTA Arno,M,Switzerland,Sailing
UMPIERRE Hernan / DIZ Fernando,M,Uruguay,Sailing
BARROWS Ian Macdill / HENKEN Hans Dakota August,M,United States,Sailing
PRICE Olivia / HASELDINE Evie,W,Australia,Sailing
MAENHAUT van LEMBERGE Isaura / GEURTS Anouk,W,Belgium,Sailing
SOFFIATTI GRAEL Martine / KUNZE Kahena,W,Brazil,Sailing
LEWIN-LAFRANCE Georgia / LEWIN-LAFRANCE Antonia,W,Canada,Sailing
HU Xiaoyu / SHAN Mengyuan,W,China,Sailing
BURSKA Zofia / TKADLECOVA Sara,W,Czechia,Sailing
SCHMIDT Johanne / SCHMIDT Andrea,W,Denmark,Sailing
ECHEGOYEN DOMINGUEZ Tamara / BARCELO MARTIN Paula,W,Spain,Sailing
GRONBLOM Ronja / HOKKA Veera,W,Finland,Sailing
STEYAERT Sarah / PICON Charline,W,France,Sailing
BLACK Freya / TIDEY Saskia,W,Great Britain,Sailing
BERGMANN Marla / WILLE Hanna,W,Germany,Sailing
GERMANI Jana / BERTUZZI Giorgia,W,Italy,Sailing
TANAKA Misaki / NAGAMATSU Sera,W,Japan,Sailing
van AANHOLT Odile / DUETZ Annette,W,Netherlands,Sailing
NAESS Helene / ROENNINGEN Marie,W,Norway,Sailing
ALEH Jo / MEECH Molly,W,New Zealand,Sailing
MELZACKA Aleksandra / JANKOWIAK Sandra,W,Poland,Sailing
BOBECK Vilma / NETZLER Rebecca,W,Sweden,Sailing
ROBLE Stephanie Marie / SHEA Margaret Droste,W,United States,Sailing
MONTINHO Matias / PAULO Manuela,X,Angola,Sailing
JERWOOD Nia / NICHOLAS Conor,X,Australia,Sailing
VADLAU Lara / MAEHR Lukas,X,Austria,Sailing
DUARTE HADDAD Henrique / SWAN Isabel,X,Brazil,Sailing
XU Zangjun / LYU Yixiao,X,China,Sailing
XAMMAR HERNANDEZ Jordi / BRUGMAN CABOT Nora,X,Spain,Sailing
LECOINTRE Camille / MION Jeremie,X,France,Sailing
HEATHCOTE Vita / GRUBE Chris,X,Great Britain,Sailing
DIESCH Simon / MARKFORT Anna,X,Germany,Sailing
SPANAKI Ariadni Paraskevi / SPANAKIS Odysseas Emmanouil,X,Greece,Sailing
HASSON Nitai / LASRY Noa,X,Israel,Sailing
BERTA Elena / FESTO Bruno,X,Italy,Sailing
OKADA Keiju / YOSHIOKA Miho,X,Japan,Sailing
VAZ de BACELAR da FONSECA Diogo Eu. / ALVES da SILVA JOÃO Carolina Maria,X,Portugal,Sailing
MRAK Tina / BOZIC Jakob,X,Slovenia,Sailing
MERMOD Yves / SIEGENTHALER Maja,X,Switzerland,Sailing
DAHLBERG Anton / KARLSSON Lovisa,X,Sweden,Sailing
CINAR Deniz / NALBANTOGLU Lara,X,Türkiye,Sailing
Mc NAY Stuart Pfeiffer / DALLMAN WEISS Lara Anne,X,United States,Sailing
MAJDALANI Mateo / BOSCO Eugenia,X,Argentina,Sailing
LIDDELL Brin / BROWN Rhiannan,X,Australia,Sailing
HABERL Lukas / FRANK Tanja,X,Austria,Sailing
CLAEYSSENS Lucas / VERSTRAELEN Eline,X,Belgium,Sailing
SIEMSEN Joao / ARNDT Marina,X,Brazil,Sailing
MAI Huicong / CHEN Linlin,X,China,Sailing
SAOUMA-PEDERSEN Natacha / BRUUN Mathias,X,Denmark,Sailing
PACHECO van RIJNSOEVER Tara / BARRIO GARCIA Andres,X,Spain,Sailing
KURTBAY Sinem / KESKINEN Akseli,X,Finland,Sailing
MOURNIAC Tim / BERTHOMIEU Lou,X,France,Sailing
GIMSON John / BURNET Anna,X,Great Britain,Sailing
KOHLHOFF Paul / STUHLEMMER Alica,X,Germany,Sailing
TITA Ruggero / BANTI Caterina,X,Italy,Sailing
IITSUKA Shibuki /  NISHIDA CAPIGLIA Oura,X,Japan,Sailing
van der MEER Laila / BOUWER Bjarne,X,Netherlands,Sailing
WILKINSON Micah James / DAWSON Erica Linda,X,New Zealand,Sailing
JARUDD Emil / JONSSON Hanna,X,Sweden,Sailing
KAYNAR Alican / KAYNAKCI Beste,X,Türkiye,Sailing
NEWBERRY Sarah Lauren / LIEBENBERG David Wade,X,United States,Sailing
Bulgaria,X,Bulgaria,Shooting
People's Republic of China 1,X,China,Shooting
People's Republic of China 2,X,China,Shooting
France,X,France,Shooting
Germany 1,X,Germany,Shooting
Germany 2,X,Germany,Shooting
India 1,X,India,Shooting
India 2,X,India,Shooting
Kazakhstan,X,Kazakhstan,Shooting
Republic of Korea 1,X,Korea,Shooting
Republic of Korea 2,X,Korea,Shooting
Latvia,X,Latvia,Shooting
Pakistan,X,Pakistan,Shooting
Serbia,X,Serbia,Shooting
Türkiye 1,X,Türkiye,Shooting
Türkiye 2,X,Türkiye,Shooting
Ukraine,X,Ukraine,Shooting
Algeria,X,Algeria,Shooting
Argentina,X,Argentina,Shooting
Austria,X,Austria,Shooting
People's Republic of China 1,X,China,Shooting
People's Republic of China 2,X,China,Shooting
Czechia,X,Czechia,Shooting
Egypt 1,X,Egypt,Shooting
Egypt 2,X,Egypt,Shooting
France 1,X,France,Shooting
France 2,X,France,Shooting
Great Britain,X,Great Britain,Shooting
Germany,X,Germany,Shooting
Hungary,X,Hungary,Shooting
India 1,X,India,Shooting
India 2,X,India,Shooting
Italy,X,Italy,Shooting
Japan,X,Japan,Shooting
Kazakhstan 1,X,Kazakhstan,Shooting
Kazakhstan 2,X,Kazakhstan,Shooting
Republic of Korea 1,X,Korea,Shooting
Republic of Korea 2,X,Korea,Shooting
Mexico,X,Mexico,Shooting
Mongolia,X,Mongolia,Shooting
Norway 1,X,Norway,Shooting
Norway 2,X,Norway,Shooting
Poland 1,X,Poland,Shooting
Poland 2,X,Poland,Shooting
United States of America 1,X,United States,Shooting
United States of America 2,X,United States,Shooting
Australia,X,Australia,Shooting
People's Republic of China,X,China,Shooting
Czechia,X,Czechia,Shooting
Egypt,X,Egypt,Shooting
France,X,France,Shooting
Germany,X,Germany,Shooting
Greece,X,Greece,Shooting
India,X,India,Shooting
Italy 1,X,Italy,Shooting
Italy 2,X,Italy,Shooting
Kazakhstan,X,Kazakhstan,Shooting
Republic of Korea,X,Korea,Shooting
Peru,X,Peru,Shooting
Sweden,X,Sweden,Shooting
United States of America 1,X,United States,Shooting
United States of America 2,X,United States,Shooting
Australia,W,Australia,Artistic Swimming
Austria,W,Austria,Artistic Swimming
Canada,W,Canada,Artistic Swimming
People's Republic of China,W,China,Artistic Swimming
Egypt,W,Egypt,Artistic Swimming
Spain,W,Spain,Artistic Swimming
France,W,France,Artistic Swimming
Great Britain,W,Great Britain,Artistic Swimming
Greece,W,Greece,Artistic Swimming
Israel,W,Israel,Artistic Swimming
Italy,W,Italy,Artistic Swimming
Japan,W,Japan,Artistic Swimming
Republic of Korea,W,Korea,Artistic Swimming
Mexico,W,Mexico,Artistic Swimming
Netherlands,W,Netherlands,Artistic Swimming
New Zealand,W,New Zealand,Artistic Swimming
Ukraine,W,Ukraine,Artistic Swimming
United States of America,W,United States,Artistic Swimming
Australia,O,Australia,Artistic Swimming
Canada,O,Canada,Artistic Swimming
People's Republic of China,O,China,Artistic Swimming
Egypt,O,Egypt,Artistic Swimming
Spain,O,Spain,Artistic Swimming
France,O,France,Artistic Swimming
Italy,O,Italy,Artistic Swimming
Japan,O,Japan,Artistic Swimming
Mexico,O,Mexico,Artistic Swimming
United States of America,O,United States,Artistic Swimming
Australia,M,Australia,Swimming
Brazil,M,Brazil,Swimming
Canada,M,Canada,Swimming
People's Republic of China,M,China,Swimming
Spain,M,Spain,Swimming
France,M,France,Swimming
Great Britain,M,Great Britain,Swimming
Germany,M,Germany,Swimming
Greece,M,Greece,Swimming
Hungary,M,Hungary,Swimming
Israel,M,Israel,Swimming
Italy,M,Italy,Swimming
Poland,M,Poland,Swimming
Serbia,M,Serbia,Swimming
Sweden,M,Sweden,Swimming
United States of America,M,United States,Swimming
Australia,M,Australia,Swimming
Austria,M,Austria,Swimming
Canada,M,Canada,Swimming
People's Republic of China,M,China,Swimming
Spain,M,Spain,Swimming
France,M,France,Swimming
Great Britain,M,Great Britain,Swimming
Germany,M,Germany,Swimming
Ireland,M,Ireland,Swimming
Italy,M,Italy,Swimming
Japan,M,Japan,Swimming
Republic of Korea,M,Korea,Swimming
Netherlands,M,Netherlands,Swimming
Poland,M,Poland,Swimming
Switzerland,M,Switzerland,Swimming
United States of America,M,United States,Swimming
Australia,M,Australia,Swimming
Brazil,M,Brazil,Swimming
Canada,M,Canada,Swimming
People's Republic of China,M,China,Swimming
Spain,M,Spain,Swimming
France,M,France,Swimming
Great Britain,M,Great Britain,Swimming
Germany,M,Germany,Swimming
Greece,M,Greece,Swimming
Israel,M,Israel,Swimming
Italy,M,Italy,Swimming
Japan,M,Japan,Swimming
Republic of Korea,M,Korea,Swimming
Lithuania,M,Lithuania,Swimming
Switzerland,M,Switzerland,Swimming
United States of America,M,United States,Swimming
Australia,W,Australia,Swimming
Brazil,W,Brazil,Swimming
Canada,W,Canada,Swimming
People's Republic of China,W,China,Swimming
Denmark,W,Denmark,Swimming
France,W,France,Swimming
Great Britain,W,Great Britain,Swimming
"Hong Kong, China",W,"Hong Kong, China",Swimming
Hungary,W,Hungary,Swimming
Ireland,W,Ireland,Swimming
Italy,W,Italy,Swimming
Netherlands,W,Netherlands,Swimming
Poland,W,Poland,Swimming
Slovenia,W,Slovenia,Swimming
Sweden,W,Sweden,Swimming
United States of America,W,United States,Swimming
Australia,W,Australia,Swimming
Canada,W,Canada,Swimming
People's Republic of China,W,China,Swimming
Denmark,W,Denmark,Swimming
France,W,France,Swimming
Great Britain,W,Great Britain,Swimming
Germany,W,Germany,Swimming
"Hong Kong, China",W,"Hong Kong, China",Swimming
Ireland,W,Ireland,Swimming
Italy,W,Italy,Swimming
Japan,W,Japan,Swimming
Netherlands,W,Netherlands,Swimming
Poland,W,Poland,Swimming
Singapore,W,Singapore,Swimming
Sweden,W,Sweden,Swimming
United States of America,W,United States,Swimming
Australia,W,Australia,Swimming
Brazil,W,Brazil,Swimming
Canada,W,Canada,Swimming
People's Republic of China,W,China,Swimming
Spain,W,Spain,Swimming
France,W,France,Swimming
Great Britain,W,Great Britain,Swimming
Germany,W,Germany,Swimming
Hungary,W,Hungary,Swimming
Israel,W,Israel,Swimming
Italy,W,Italy,Swimming
Japan,W,Japan,Swimming
Netherlands,W,Netherlands,Swimming
New Zealand,W,New Zealand,Swimming
Türkiye,W,Türkiye,Swimming
United States of America,W,United States,Swimming
Australia,X,Australia,Swimming
Brazil,X,Brazil,Swimming
Canada,X,Canada,Swimming
People's Republic of China,X,China,Swimming
France,X,France,Swimming
Great Britain,X,Great Britain,Swimming
Germany,X,Germany,Swimming
Greece,X,Greece,Swimming
Israel,X,Israel,Swimming
Italy,X,Italy,Swimming
Japan,X,Japan,Swimming
Republic of Korea,X,Korea,Swimming
Netherlands,X,Netherlands,Swimming
Poland,X,Poland,Swimming
Sweden,X,Sweden,Swimming
United States of America,X,United States,Swimming
United States of America,M,United States,Swimming
France,M,France,Rowing
People's Republic of China,W,China,Rowing
Australia,W,Australia,Swimming
Netherlands,W,Netherlands,Swimming
People's Republic of China,W,China,Swimming
Australia,X,Australia,Swimming
United States of America,M,United States,Swimming
United States of America,W,United States,Swimming
Australia,M,Australia,Swimming
United States of America,W,United States,Swimming
Australia,W,Australia,Swimming
Australia,W,Australia,Swimming
People's Republic of China,W,China,Swimming
United States of America,M,United States,Swimming
United States of America,M,United States,Swimming
South Africa,M,South Africa,Swimming
People's Republic of China,X,China,Swimming
Poland,M,Poland,Swimming
Republic of Korea,M,Korea,Swimming
United States of America,X,United States,Swimming
People's Republic of China,X,China,Swimming
Italy,W,Italy,Swimming
NADAS Bence / TOTKA Sandor,M,Hungary,Canoe Sprint
People's Republic of China,M,China,Swimming
People's Republic of China,W,China,Cycling Track
Russian Federation,X,Russian Federation,Swimming
Israel,W,Israel,Swimming
New Zealand,W,New Zealand,Rowing
Austria,M,Austria,Swimming
Great Britain,M,Great Britain,Rowing
Hungary,W,Hungary,Swimming
South Africa,W,South Africa,Swimming
Australia,W,Australia,Swimming
United States of America,M,United States,Swimming
Australia,W,Australia,Swimming
Italy,X,Italy,Shooting
Canada,W,Canada,Swimming
Great Britain,W,Great Britain,Swimming
Netherlands,M,Netherlands,Cycling Track
Australia,W,Australia,Swimming
People's Republic of China,M,China,Swimming
Netherlands,W,Netherlands,Swimming
Ireland,M,Ireland,Rowing
Australia,M,Australia,Swimming
Republic of Korea,X,Korea,Archery
Australia,W,Australia,Swimming
Republic of Korea,M,Korea,Swimming
Australia,W,Australia,Swimming
Great Britain,X,Great Britain,Swimming
New Zealand,M,New Zealand,Rowing
Italy,M,Italy,Swimming
Great Britain,X,Great Britain,Swimming
South Africa,M,South Africa,Swimming
Australia,M,Australia,Swimming
CARRINGTON Lisa / REGAL Caitlin,W,New Zealand,Canoe Sprint
People's Republic of China,X,China,Shooting
Romania,W,Romania,Rowing
United States of America,W,United States,Swimming
Australia,W,Australia,Swimming
United States of America,M,United States,Swimming
People's Republic of China,M,China,Swimming
Great Britain,X,Great Britain,Swimming
Australia,W,Australia,Swimming
United States of America,M,United States,Swimming
United States of America,W,United States,Swimming
United States of America,M,United States,Swimming
Australia,W,Australia,Swimming
Germany,W,Germany,Cycling Track
United States of America,M,United States,Swimming
United States of America,M,United States,Swimming
Romania,W,Romania,Rowing
United States of America,X,United States,Shooting
Australia,W,Australia,Swimming
United States of America,M,United States,Swimming
Australia,M,Australia,Swimming
Germany,W,Germany,Cycling Track
People's Republic of China,W,China,Swimming
South Africa,X,South Africa,Swimming
Italy,M,Italy,Swimming
Canada,W,Canada,Swimming
People's Republic of China,X,China,Swimming
Canada,W,Canada,Swimming
Australia,W,Australia,Swimming
Italy,W,Italy,Swimming
Great Britain,M,Great Britain,Swimming
United States of America,W,United States,Swimming
Australia,W,Australia,Swimming
Australia,W,Australia,Swimming
German Democratic Republic,W,German Dem. Republic,Swimming
United States of America,M,United States,Swimming
People's Republic of China,M,China,Swimming
Australia,W,Australia,Swimming
People's Republic of China,W,China,Swimming
United States of America,W,United States,Swimming
Spain,M,Spain,Canoe Sprint
United States of America,M,United States,Swimming
Hungary,W,Hungary,Swimming
Australia,W,Australia,Swimming
Great Britain,X,Great Britain,Swimming
Australia,X,Australia,Swimming
Netherlands,M,Netherlands,Rowing
Spain,M,Spain,Swimming
Australia,W,Australia,Swimming
United States of America,W,United States,Swimming
Hungary,M,Hungary,Swimming
United States of America,M,United States,Swimming
United States of America,M,United States,Swimming
Australia,W,Australia,Swimming
United States of America,M,United States,Swimming
France,M,France,Swimming
Germany,M,Germany,Rowing
Serbia,M,Serbia,Swimming
Hungary,W,Hungary,Canoe Sprint
India,X,India,Shooting
Unified Team,M,Unified Team,Swimming
RAUHE Ronald / WIESKOTTER Tim,M,Germany,Canoe Sprint
People's Republic of China,W,China,Swimming
Great Britain,M,Great Britain,Swimming
Australia,W,Australia,Swimming
Italy,M,Italy,Swimming
United States of America,M,United States,Swimming
Australia,M,Australia,Swimming
Great Britain,X,Great Britain,Swimming
Great Britain,M,Great Britain,Swimming
Australia,W,Australia,Swimming
Great Britain,M,Great Britain,Swimming
Sweden,W,Sweden,Swimming
Netherlands,M,Netherlands,Cycling Track
People's Republic of China,M,China,Swimming
United States of America,M,United States,Swimming
United States of America,W,United States,Swimming
Italy,M,Italy,Swimming
People's Republic of China,M,China,Swimming
United States of America,M,United States,Swimming
Great Britain,X,Great Britain,Swimming
Australia,W,Australia,Swimming
South Africa,W,South Africa,Swimming
Australia,W,Australia,Swimming
United States of America,M,United States,Swimming
United States of America,M,United States,Swimming
Republic of Korea,W,Korea,Archery
United States of America,M,United States,Swimming
People's Republic of China,W,China,Swimming
Netherlands,M,Netherlands,Swimming
People's Republic of China,W,China,Rowing
People's Republic of China,W,China,Swimming
Germany,M,Germany,Canoe Sprint
People's Republic of China,X,China,Swimming
Australia,W,Australia,Swimming
United States of America,W,United States,Swimming
People's Republic of China,W,China,Swimming
Australia,W,Australia,Swimming
People's Republic of China,W,China,Swimming
Germany,W,Germany,Swimming
New Zealand,W,New Zealand,Swimming
Australia,W,Australia,Swimming
United States of America,M,United States,Swimming
Canada,M,Canada,Swimming
Australia,M,Australia,Swimming
United States of America,W,United States,Swimming
Australia,W,Australia,Swimming
Greece,M,Greece,Swimming
United States of America,M,United States,Swimming
Russian Federation,W,Russian Federation,Swimming
United States of America,W,United States,Swimming
People's Republic of China,X,China,Swimming
Australia,W,Australia,Swimming
People's Republic of China,W,China,Swimming
United States of America,M,United States,Swimming
United States of America,M,United States,Swimming
People's Republic of China,X,China,Swimming
United States of America,W,United States,Swimming
United States of America,W,United States,Swimming
Brazil,W,Brazil,Swimming
Australia,W,Australia,Swimming
United States of America,X,United States,Swimming
New Zealand,W,New Zealand,Rowing
Great Britain,M,Great Britain,Swimming
Republic of Korea,W,Korea,Archery
United States of America,M,United States,Swimming
Italy,W,Italy,Rowing
United States of America,X,United States,Swimming
People's Republic of China,W,China,Swimming
Australia,M,Australia,Rowing
United States of America,M,United States,Swimming
Israel,X,Israel,Swimming
Poland,W,Poland,Swimming
United States of America,M,United States,Swimming
XU Shixiao / SUN Mengya,W,China,Canoe Sprint
Australia,W,Australia,Swimming
Poland,W,Poland,Swimming
France,M,France,Swimming
German Democratic Republic,W,German Dem. Republic,Swimming
Australia,M,Australia,Swimming
Australia,W,Australia,Swimming
Italy,M,Italy,Swimming
Australia,W,Australia,Rowing
Ireland,M,Ireland,Rowing
People's Republic of China,X,China,Swimming
Federal Republic of Germany,M,FRG,Swimming
United States of America,M,United States,Rowing
United States of America,M,United States,Swimming
Australia,W,Australia,Rowing
People's Republic of China,W,China,Swimming
United States of America,M,United States,Swimming
Great Britain,X,Great Britain,Swimming
CARRINGTON Lisa / REGAL Caitlin,W,New Zealand,Canoe Sprint
United States of America,M,United States,Swimming
Great Britain,X,Great Britain,Swimming
Australia,X,Australia,Swimming
People's Republic of China,M,China,Swimming
Australia,W,Australia,Swimming
Australia,M,Australia,Swimming
New Zealand,M,New Zealand,Rowing
Australia,W,Australia,Swimming
Australia,W,Australia,Swimming
MENG Guanliang / YANG Wenjun,M,China,Canoe Sprint
Australia,M,Australia,Swimming
Romania,W,Romania,Rowing
Netherlands,M,Netherlands,Swimming
United States of America,W,United States,Swimming
Great Britain,X,Great Britain,Swimming
United States of America,W,United States,Swimming
United States of America,W,United States,Swimming
United States of America,X,United States,Swimming
Italy,M,Italy,Swimming
New Zealand,W,New Zealand,Swimming
United States of America,M,United States,Swimming
United States of America,X,United States,Swimming
United States of America,M,United States,Swimming
Denmark,W,Denmark,Swimming
Great Britain,W,Great Britain,Swimming
Great Britain,W,Great Britain,Rowing
Great Britain,M,Great Britain,Swimming
Lithuania,M,Lithuania,Swimming
People's Republic of China,W,China,Swimming
Republic of Korea,M,Korea,Swimming
France,M,France,Swimming
Great Britain,M,Great Britain,Swimming
Australia,W,Australia,Swimming
United States of America,M,United States,Swimming
United States of America,W,United States,Swimming
South Africa,W,South Africa,Swimming
United States of America,X,United States,Swimming
People's Republic of China,W,China,Swimming
United States of America,M,United States,Swimming
South Africa,M,South Africa,Swimming
People's Republic of China,X,China,Swimming
Australia,W,Australia,Swimming
KOROVASHKOV Alexey / SHTYL Ivan,M,Russian Federation,Canoe Sprint
People's Republic of China,W,China,Swimming
South Africa,M,South Africa,Swimming
United States of America,M,United States,Swimming
Netherlands,M,Netherlands,Rowing
Australia,W,Australia,Swimming
United States of America,M,United States,Swimming
Russian Federation,M,Russian Federation,Swimming
Netherlands,W,Netherlands,Swimming
Republic of Korea,X,Korea,Archery
VINCENT-LAPOINTE Laurence / VINCENT Katie,W,Canada,Canoe Sprint
Canada,W,Canada,Swimming
United States of America,M,United States,Swimming
United States of America,M,United States,Swimming
People's Republic of China,X,China,Shooting
United States of America,X,United States,Shooting
Australia,X,Australia,Swimming
United States of America,M,United States,Swimming
Australia,M,Australia,Swimming
People's Republic of China,W,China,Swimming
India,X,India,Shooting
United States of America,W,United States,Swimming
People's Republic of China,W,China,Swimming
United States of America,M,United States,Swimming
Australia,W,Australia,Swimming
Germany,W,Germany,Swimming
India,X,India,Shooting
United States of America,X,United States,Swimming
People's Republic of China,X,China,Swimming
United States of America,W,United States,Swimming
United States of America,M,United States,Swimming
Croatia,M,Croatia,Rowing
United States of America,M,United States,Swimming
Russian Federation,M,Russian Federation,Swimming
Netherlands,W,Netherlands,Swimming
Poland,W,Poland,Canoe Sprint
Republic of Korea,M,Korea,Archery
Australia,W,Australia,Swimming
United States of America,M,United States,Swimming
Republic of Korea,M,Korea,Archery
Italy,M,Italy,Swimming
Great Britain,X,Great Britain,Swimming
People's Republic of China,X,China,Shooting
Great Britain,M,Great Britain,Swimming
Italy,M,Italy,Cycling Track
Italy,M,Italy,Cycling Track
United States of America,M,United States,Swimming
Australia,W,Australia,Swimming
Serbia,M,Serbia,Swimming
United States of America,M,United States,Swimming
United States of America,M,United States,Swimming
Italy,W,Italy,Swimming
United States of America,M,United States,Swimming
United States of America,W,United States,Swimming
Kuwait,X,Kuwait,Shooting
New Zealand,W,New Zealand,Rowing
India,X,India,Shooting
United States of America,M,United States,Swimming
United States of America,M,United States,Swimming
Great Britain,X,Great Britain,Swimming
People's Republic of China,X,China,Swimming
United States of America,M,United States,Swimming
United States of America,M,United States,Swimming
United States of America,M,United States,Swimming
People's Republic of China,W,China,Swimming
Russian Federation,M,Russian Federation,Swimming
Germany,W,Germany,Swimming
United States of America,W,United States,Swimming
United States of America,M,United States,Swimming
Great Britain,M,Great Britain,Athletics
Australia,W,Australia,Athletics
Nigeria,W,Nigeria,Athletics
United States of America,M,United States,Athletics
German Democratic Republic,W,German Dem. Republic,Athletics
USSR,W,USSR,Athletics
People's Republic of China,W,China,Athletics
People's Republic of China,W,China,Athletics
Brazil,M,Brazil,Athletics
Australia,M,Australia,Athletics
Australia,M,Australia,Athletics
United States of America,W,United States,Athletics
United States of America,M,United States,Athletics
United States of America,W,United States,Athletics
Brazil,W,Brazil,Athletics
Australia,M,Australia,Athletics
United States of America,W,United States,Athletics
Jamaica,M,Jamaica,Athletics
Brazil,W,Brazil,Athletics
United States of America,M,United States,Athletics
Bahrain,X,Bahrain,Athletics
South Africa,M,South Africa,Athletics
Great Britain,M,Great Britain,Athletics
Japan,M,Japan,Athletics
Brazil,M,Brazil,Athletics
Australia,X,Australia,Athletics
Poland,X,Poland,Athletics
Botswana,M,Botswana,Athletics
South Africa,M,South Africa,Athletics
United States of America,X,United States,Athletics
Jamaica,W,Jamaica,Athletics
United States of America,X,United States,Athletics
Côte d'Ivoire,W,Côte d'Ivoire,Athletics
India,M,India,Athletics
Colombia,X,Colombia,Athletics
Australia,W,Australia,Athletics
Kenya,X,Kenya,Athletics
Medvedev / Safiullin,M,AIN,Tennis
Gonzalez / Molteni,M,Argentina,Tennis
Etcheverry / Navone,M,Argentina,Tennis
Popyrin / de Minaur,M,Australia,Tennis
Ebden / Peers,M,Australia,Tennis
Gille / Vliegen,M,Belgium,Tennis
Monteiro / Seyboth Wild,M,Brazil,Tennis
Auger-Aliassime / Raonic,M,Canada,Tennis
Jarry / Tabilo,M,Chile,Tennis
Mektic / Pavic,M,Croatia,Tennis
Machac / Pavlasek,M,Czechia,Tennis
Alcaraz / Nadal,M,Spain,Tennis
Carreno Busta / Granollers,M,Spain,Tennis
Monfils / Roger-Vasselin,M,France,Tennis
Fils / Humbert,M,France,Tennis
Salisbury / Skupski,M,Great Britain,Tennis
Evans / Murray,M,Great Britain,Tennis
Krawietz / Puetz,M,Germany,Tennis
Koepfer / Struff,M,Germany,Tennis
Tsitsipas / Tsitsipas,M,Greece,Tennis
Fucsovics / Marozsan,M,Hungary,Tennis
Balaji / Bopanna,M,India,Tennis
Darderi / Musetti,M,Italy,Tennis
Bolelli / Vavassori,M,Italy,Tennis
Daniel / Nishikori,M,Japan,Tennis
Bublik / Nedovyesov,M,Kazakhstan,Tennis
Habib / Hassan,M,Lebanon,Tennis
Griekspoor / Koolhof,M,Netherlands,Tennis
Haase / Rojer,M,Netherlands,Tennis
Hurkacz / Zielinski,M,Poland,Tennis
Borges / Cabral,M,Portugal,Tennis
Fritz / Paul,M,United States,Tennis
Krajicek / Ram,M,United States,Tennis
Alexandrova / Vesnina,W,AIN,Tennis
Andreeva / Shnaider,W,AIN,Tennis
Carle / Podoroska,W,Argentina,Tennis
Perez / Saville,W,Australia,Tennis
Gadecki / Tomljanovic,W,Australia,Tennis
Haddad Maia / Stefani,W,Brazil,Tennis
Dabrowski / Fernandez,W,Canada,Tennis
Yuan / Zhang,W,China,Tennis
Wang / Zheng,W,China,Tennis
Muchova / Noskova,W,Czechia,Tennis
Krejcikova / Siniakova,W,Czechia,Tennis
Bucsa / Sorribes Tormo,W,Spain,Tennis
Garcia / Parry,W,France,Tennis
Burel / Gracheva,W,France,Tennis
Boulter / Watson,W,Great Britain,Tennis
Kerber / Siegemund,W,Germany,Tennis
Korpatsch / Maria,W,Germany,Tennis
Papamichail / Sakkari,W,Greece,Tennis
Errani / Paolini,W,Italy,Tennis
Bronzetti / Cocciaretto,W,Italy,Tennis
Aoyama / Shibahara,W,Japan,Tennis
Rus / Schuurs,W,Netherlands,Tennis
Routliffe / Sun,W,New Zealand,Tennis
Linette / Rosolska,W,Poland,Tennis
Begu / Niculescu,W,Romania,Tennis
Bogdan / Cristian,W,Romania,Tennis
Hsieh / Tsao,W,Chinese Taipei,Tennis
Chan / Chan,W,Chinese Taipei,Tennis
Kostyuk / Yastremska,W,Ukraine,Tennis
Kichenok / Kichenok,W,Ukraine,Tennis
Gauff / Pegula,W,United States,Tennis
Collins / Krawczyk,W,United States,Tennis
Andreeva / Medvedev,X,AIN,Tennis
Podoroska / Gonzalez,X,Argentina,Tennis
Perez / Ebden,X,Australia,Tennis
Stefani / Seyboth Wild,X,Brazil,Tennis
Dabrowski / Auger-Aliassime,X,Canada,Tennis
Wang / Zhang,X,China,Tennis
Vekic / Pavic,X,Croatia,Tennis
Siniakova / Machac,X,Czechia,Tennis
Wozniacki / Rune,X,Denmark,Tennis
Sorribes Tormo / Granollers,X,Spain,Tennis
Garcia / Roger-Vasselin,X,France,Tennis
Watson / Salisbury,X,Great Britain,Tennis
Siegemund / Zverev,X,Germany,Tennis
Sakkari / Tsitsipas,X,Greece,Tennis
Errani / Vavassori,X,Italy,Tennis
Shibahara / Nishikori,X,Japan,Tennis
Schuurs / Koolhof,X,Netherlands,Tennis
Golubic / Wawrinka,X,Switzerland,Tennis
Gauff / Fritz,X,United States,Tennis
Australia,X,Australia,Triathlon
Austria,X,Austria,Triathlon
Belgium,X,Belgium,Triathlon
Brazil,X,Brazil,Triathlon
Spain,X,Spain,Triathlon
France,X,France,Triathlon
Great Britain,X,Great Britain,Triathlon
Germany,X,Germany,Triathlon
Italy,X,Italy,Triathlon
Mexico,X,Mexico,Triathlon
Netherlands,X,Netherlands,Triathlon
Norway,X,Norway,Triathlon
New Zealand,X,New Zealand,Triathlon
Portugal,X,Portugal,Triathlon
Switzerland,X,Switzerland,Triathlon
United States of America,X,United States,Triathlon
Australia,M,Australia,Table Tennis
Brazil,M,Brazil,Table Tennis
Canada,M,Canada,Table Tennis
People's Republic of China,M,China,Table Tennis
Croatia,M,Croatia,Table Tennis
Denmark,M,Denmark,Table Tennis
Egypt,M,Egypt,Table Tennis
France,M,France,Table Tennis
Germany,M,Germany,Table Tennis
India,M,India,Table Tennis
Japan,M,Japan,Table Tennis
Republic of Korea,M,Korea,Table Tennis
Portugal,M,Portugal,Table Tennis
Slovenia,M,Slovenia,Table Tennis
Sweden,M,Sweden,Table Tennis
Chinese Taipei,M,Chinese Taipei,Table Tennis
Australia,W,Australia,Table Tennis
Brazil,W,Brazil,Table Tennis
People's Republic of China,W,China,Table Tennis
Egypt,W,Egypt,Table Tennis
France,W,France,Table Tennis
Germany,W,Germany,Table Tennis
"Hong Kong, China",W,"Hong Kong, China",Table Tennis
India,W,India,Table Tennis
Japan,W,Japan,Table Tennis
Republic of Korea,W,Korea,Table Tennis
Poland,W,Poland,Table Tennis
Romania,W,Romania,Table Tennis
Sweden,W,Sweden,Table Tennis
Thailand,W,Thailand,Table Tennis
Chinese Taipei,W,Chinese Taipei,Table Tennis
United States of America,W,United States,Table Tennis
LUM Nicholas / JEE Minhyung,X,Australia,Table Tennis
ISHIY Vitor / TAKAHASHI Bruna,X,Brazil,Table Tennis
WANG Chuqin / SUN Yingsha,X,China,Table Tennis
CAMPOS Jorge / FONSECA Daniela,X,Cuba,Table Tennis
ASSAR Omar / MESHREF Dina,X,Egypt,Table Tennis
ROBLES Alvaro / XIAO Maria,X,Spain,Table Tennis
LEBRUN Alexis / YUAN Jia Nan,X,France,Table Tennis
QIU Dang / MITTELHAM Nina,X,Germany,Table Tennis
WONG Chun Ting / DOO Hoi Kem,X,"Hong Kong, China",Table Tennis
ECSEKI Nandor / MADARASZ Dora,X,Hungary,Table Tennis
HARIMOTO Tomokazu / HAYATA Hina,X,Japan,Table Tennis
LIM Jonghoon / SHIN Yubin,X,Korea,Table Tennis
RI Jong Sik / KIM Kum Yong,X,DPR Korea,Table Tennis
IONESCU Ovidiu / SZOCS Bernadette,X,Romania,Table Tennis
KARLSSON Kristian / KALLBERG Christina,X,Sweden,Table Tennis
LIN Yun-Ju / CHEN Szu-Yu,X,Chinese Taipei,Table Tennis
Hodges/Schubert,M,Australia,Beach Volleyball
Nicolaidis/Carracher,M,Australia,Beach Volleyball
Horl/Horst,M,Austria,Beach Volleyball
George/Andre,M,Brazil,Beach Volleyball
Evandro/Arthur,M,Brazil,Beach Volleyball
Schachter/Dearing,M,Canada,Beach Volleyball
M.Grimalt/E.Grimalt,M,Chile,Beach Volleyball
Diaz/Alayo,M,Cuba,Beach Volleyball
Perusic/Schweiner,M,Czechia,Beach Volleyball
Herrera/Gavira,M,Spain,Beach Volleyball
Krou/Gauthier-Rat,M,France,Beach Volleyball
Bassereau/Lyneel,M,France,Beach Volleyball
Ehlers/Wickler,M,Germany,Beach Volleyball
Cottafava/Nicolai,M,Italy,Beach Volleyball
Ranghieri/Carambula,M,Italy,Beach Volleyball
Abicha/Elgraoui,M,Morocco,Beach Volleyball
Boermans/de Groot,M,Netherlands,Beach Volleyball
van de Velde/Immers,M,Netherlands,Beach Volleyball
Mol/Sorum,M,Norway,Beach Volleyball
Bryl/Losiak,M,Poland,Beach Volleyball
Cherif/Ahmed,M,Qatar,Beach Volleyball
Ahman/Hellvig,M,Sweden,Beach Volleyball
Partain/Benesh,M,United States,Beach Volleyball
Evans/Budinger,M,United States,Beach Volleyball
Mariafe/Clancy,W,Australia,Beach Volleyball
Ana Patricia/Duda,W,Brazil,Beach Volleyball
Carol/Barbara,W,Brazil,Beach Volleyball
Melissa/Brandie,W,Canada,Beach Volleyball
Bansley/Bukovec,W,Canada,Beach Volleyball
Xue/X.Y.Xia,W,China,Beach Volleyball
Hermannova/Stochlova,W,Czechia,Beach Volleyball
Marwa/D. Elghobashy,W,Egypt,Beach Volleyball
Alvarez M/Moreno,W,Spain,Beach Volleyball
Liliana/Paula,W,Spain,Beach Volleyball
Vieira/Chamereau,W,France,Beach Volleyball
Placette/Richard,W,France,Beach Volleyball
Muller/Tillmann,W,Germany,Beach Volleyball
Ludwig/Lippmann,W,Germany,Beach Volleyball
Gottardi/Menegatti,W,Italy,Beach Volleyball
Akiko/Ishii,W,Japan,Beach Volleyball
Tina/Anastasija,W,Latvia,Beach Volleyball
Paulikiene/Raupelyte,W,Lithuania,Beach Volleyball
Stam/Schoon,W,Netherlands,Beach Volleyball
Poletti/Michelle,W,Paraguay,Beach Volleyball
Huberli/Brunner,W,Switzerland,Beach Volleyball
Esmee/Zoe,W,Switzerland,Beach Volleyball
Nuss/Kloth,W,United States,Beach Volleyball
Hughes/Cheng,W,United States,Beach Volleyball
Argentina,M,Argentina,Volleyball
Brazil,M,Brazil,Volleyball
Canada,M,Canada,Volleyball
Egypt,M,Egypt,Volleyball
France,M,France,Volleyball
Germany,M,Germany,Volleyball
Italy,M,Italy,Volleyball
Japan,M,Japan,Volleyball
Poland,M,Poland,Volleyball
Slovenia,M,Slovenia,Volleyball
Serbia,M,Serbia,Volleyball
United States of America,M,United States,Volleyball
Brazil,W,Brazil,Volleyball
People's Republic of China,W,China,Volleyball
Dominican Republic,W,Dominican Republic,Volleyball
France,W,France,Volleyball
Italy,W,Italy,Volleyball
Japan,W,Japan,Volleyball
Kenya,W,Kenya,Volleyball
Netherlands,W,Netherlands,Volleyball
Poland,W,Poland,Volleyball
Serbia,W,Serbia,Volleyball
Türkiye,W,Türkiye,Volleyball
United States of America,W,United States,Volleyball
Australia,M,Australia,Water Polo
Croatia,M,Croatia,Water Polo
Spain,M,Spain,Water Polo
France,M,France,Water Polo
Greece,M,Greece,Water Polo
Hungary,M,Hungary,Water Polo
Italy,M,Italy,Water Polo
Japan,M,Japan,Water Polo
Montenegro,M,Montenegro,Water Polo
Romania,M,Romania,Water Polo
Serbia,M,Serbia,Water Polo
United States of America,M,United States,Water Polo
Australia,W,Australia,Water Polo
Canada,W,Canada,Water Polo
People's Republic of China,W,China,Water Polo
Spain,W,Spain,Water Polo
France,W,France,Water Polo
Greece,W,Greece,Water Polo
Hungary,W,Hungary,Water Polo
Italy,W,Italy,Water Polo
Netherlands,W,Netherlands,Water Polo
United States of America,W,United States,Water Polo
